Device ID/IMEI,Asset Name,Asset Group Name,Model Name,Enabled,Data Date (UTC),Received Date (UTC),Processed Date (UTC),Latitude,Longitude,Event
300234067053910,USCG_2 7053910,DEPLOYED & ACTIVE,MetOcean I-SLDMB-FAT-AS [FID4056],Enabled,3/19/2020 14:30,3/19/2020 16:05,3/19/2020 16:05,33.218564,-117.41221,Position
300234067055930,USCG_2 7055930,DEPLOYED & ACTIVE,MetOcean I-SLDMB-FAT-AS [FID4056],Enabled,3/29/2020 23:50,3/30/2020 3:02,3/30/2020 3:04,28.150842,-82.78904,Position
300234067060240,USCG_2 7060240,DEPLOYED & ACTIVE,MetOcean I-SLDMB-FAT-AS [FID4056],Enabled,4/13/2020 6:30,4/13/2020 7:05,4/13/2020 7:22,34.733024,-48.329872,Position
300234067062170,USCG_2 7062170,DEPLOYED & ACTIVE,MetOcean I-SLDMB-FAT-AS [FID4056],Enabled,5/17/2020 9:00,5/17/2020 9:03,5/17/2020 9:13,49.856038,-2.636352,Position
300234067064510,USCG_2 7064510,DEPLOYED & ACTIVE,MetOcean I-SLDMB-FAT-AS [FID4056],Enabled,5/26/2020 2:30,5/26/2020 2:45,5/26/2020 2:49,30.228344,-87.897612,Position
300234067065450,USCG_2 7065450,DEPLOYED & ACTIVE,MetOcean I-SLDMB-FAT-AS [FID4056],Enabled,3/21/2020 0:00,3/21/2020 11:06,3/21/2020 11:06,7.085314,149.502034,Position
300234067067430,USCG_2 7067430,DEPLOYED & ACTIVE,MetOcean I-SLDMB-FAT-AS [FID4056],Enabled,6/3/2020 13:00,6/3/2020 13:03,6/3/2020 13:03,20.121022,-67.933142,Position
300234067067500,USCG_2 7067500,DEPLOYED & ACTIVE,MetOcean I-SLDMB-FAT-AS [FID4056],Enabled,5/28/2020 1:30,5/28/2020 13:04,5/28/2020 13:11,32.579154,-66.558002,Position
300234068113830,USCG_2 8113830,DEPLOYED & ACTIVE,MetOcean I-SLDMB-FAT-AS [FID4056],Enabled,5/11/2020 20:40,5/11/2020 20:40,5/11/2020 20:40,29.377804,-95.061498,Position
300234068219780,USCG_2 8219780,DEPLOYED & ACTIVE,MetOcean I-SLDMB-FAT-AS [FID4056],Enabled,5/14/2020 20:30,5/14/2020 22:00,5/14/2020 22:04,21.65552,-71.46585,Position
300234068571890,USCG_2 8571890,DEPLOYED & ACTIVE,MetOcean I-SLDMB-FAT-AS [FID4056],Enabled,5/3/2020 16:00,5/3/2020 16:01,5/3/2020 16:22,29.526756,-79.424118,Position
300234068572900,USCG_2 8572900,DEPLOYED & ACTIVE,MetOcean I-SLDMB-FAT-AS [FID4056],Enabled,5/17/2020 20:00,5/18/2020 2:34,5/18/2020 2:40,30.392432,-75.428816,Position
300234068573630,USCG_2 8573630,DEPLOYED & ACTIVE,MetOcean I-SLDMB-FAT-AS [FID4056],Enabled,6/3/2020 13:00,6/3/2020 13:01,6/3/2020 13:15,30.62102,-75.796552,Position
300234068573720,USCG_2 8573720,DEPLOYED & ACTIVE,MetOcean I-SLDMB-FAT-AS [FID4056],Enabled,5/11/2020 12:30,5/11/2020 13:04,5/11/2020 13:25,20.483254,-68.161816,Position
300234068574940,USCG_2 8574940,DEPLOYED & ACTIVE,MetOcean I-SLDMB-FAT-AS [FID4056],Enabled,5/7/2020 7:30,5/7/2020 19:05,5/7/2020 19:24,27.689022,-79.475632,Position
300234068575890,USCG_2 8575890,DEPLOYED & ACTIVE,MetOcean I-SLDMB-FAT-AS [FID4056],Enabled,5/15/2020 3:30,5/15/2020 3:30,5/15/2020 3:37,30.17726,-85.633748,Position
300234068576630,USCG_2 8576630,DEPLOYED & ACTIVE,MetOcean I-SLDMB-FAT-AS [FID4056],Enabled,5/22/2020 0:30,5/22/2020 0:35,5/22/2020 0:52,5.455528,157.844292,Position
300234068634760,USCG_2 8634760,DEPLOYED & ACTIVE,MetOcean I-SLDMB-FAT-AS [FID4056],Enabled,3/19/2020 4:00,3/19/2020 15:06,3/19/2020 15:06,26.759534,-83.580326,Position
300234068637870,USCG_2 8637870,DEPLOYED & ACTIVE,MetOcean I-SLDMB-FAT-AS [FID4056],Enabled,5/9/2020 0:30,5/9/2020 1:24,5/9/2020 1:24,32.278842,-80.597846,Position
300234068650050,USCG_2 8650050,DEPLOYED & ACTIVE,MetOcean I-SLDMB-FAT-AS [FID4056],Enabled,5/27/2020 19:00,5/28/2020 0:32,5/28/2020 0:32,30.254574,-88.137638,Position
300234068650430,USCG_2 8650430,DEPLOYED & ACTIVE,MetOcean I-SLDMB-FAT-AS [FID4056],Enabled,5/31/2020 13:50,5/31/2020 13:51,5/31/2020 13:51,42.050592,-70.182558,Position
300234068650440,USCG_2 8650440,DEPLOYED & ACTIVE,MetOcean I-SLDMB-FAT-AS [FID4056],Enabled,5/17/2020 4:30,5/17/2020 4:34,5/17/2020 4:34,41.653874,-70.01073,Position
300234068651480,USCG_2 8651480,DEPLOYED & ACTIVE,MetOcean I-SLDMB-FAT-AS [FID4056],Enabled,3/22/2020 15:30,3/23/2020 3:05,3/23/2020 3:05,27.170958,-83.20012,Position
300234068651740,USCG_2 8651740,DEPLOYED & ACTIVE,MetOcean I-SLDMB-FAT-AS [FID4056],Enabled,5/8/2020 21:00,5/8/2020 21:05,5/8/2020 21:06,37.869444,-71.565266,Position
300234068652740,USCG_2 8652740,DEPLOYED & ACTIVE,MetOcean I-SLDMB-FAT-AS [FID4056],Enabled,4/16/2020 0:00,4/16/2020 0:04,4/16/2020 0:04,24.74292,-97.02075,Position
300234068652810,USCG_2 8652810,DEPLOYED & ACTIVE,MetOcean I-SLDMB-FAT-AS [FID4056],Enabled,5/24/2020 11:30,5/24/2020 15:04,5/24/2020 15:04,28.904546,-93.007388,Position
300234068653180,USCG_2 8653180,DEPLOYED & ACTIVE,MetOcean I-SLDMB-FAT-AS [FID4056],Enabled,5/23/2020 17:30,5/23/2020 17:30,5/23/2020 17:30,18.42665,-69.392046,Position
300234068654670,USCG_2 8654670,DEPLOYED & ACTIVE,MetOcean I-SLDMB-FAT-AS [FID4056],Enabled,4/6/2020 4:00,4/6/2020 4:04,4/6/2020 4:04,24.915866,-83.137684,Position
300234068654720,USCG_2 8654720,DEPLOYED & ACTIVE,MetOcean I-SLDMB-FAT-AS [FID4056],Enabled,4/4/2020 14:00,4/4/2020 14:05,4/4/2020 14:05,24.709638,-80.899018,Position
300234068658460,USCG_2 8658460,DEPLOYED & ACTIVE,MetOcean I-SLDMB-FAT-AS [FID4056],Enabled,4/15/2020 17:00,4/15/2020 17:04,4/15/2020 17:04,9.140886,167.123692,Position
300234068658730,USCG_2 8658730,DEPLOYED & ACTIVE,MetOcean I-SLDMB-FAT-AS [FID4056],Enabled,4/9/2020 8:30,4/9/2020 20:04,4/9/2020 20:04,8.736084,166.413762,Position
300234068659470,USCG_2 8659470,DEPLOYED & ACTIVE,MetOcean I-SLDMB-FAT-AS [FID4056],Enabled,4/11/2020 13:00,4/12/2020 0:05,4/12/2020 0:05,7.919342,167.12223,Position
300234068659790,USCG_2 8659790,DEPLOYED & ACTIVE,MetOcean I-SLDMB-FAT-AS [FID4056],Enabled,3/24/2020 9:56,3/24/2020 9:56,3/24/2020 9:56,28.593914,-83.829038,Position
300234068664630,USCG_2 8664630,DEPLOYED & ACTIVE,MetOcean I-SLDMB-FAT-AS [FID4056],Enabled,5/27/2020 19:45,5/27/2020 19:47,5/27/2020 19:47,30.335414,-87.133072,Position
300234068734470,USCG_2 8734470,DEPLOYED & ACTIVE,MetOcean I-SLDMB-FAT-AS [FID4056],Enabled,5/10/2020 10:30,5/10/2020 22:06,5/10/2020 22:06,31.787696,-77.584406,Position
300234068738480,USCG_2 8738480,DEPLOYED & ACTIVE,MetOcean I-SLDMB-FAT-AS [FID4056],Enabled,3/31/2020 2:00,3/31/2020 13:04,3/31/2020 13:04,28.879262,-84.224466,Position
300234068739480,USCG_2 8739480,DEPLOYED & ACTIVE,MetOcean I-SLDMB-FAT-AS [FID4056],Enabled,4/20/2020 10:00,4/20/2020 10:03,4/20/2020 10:03,32.240142,-79.466516,Position
300234068819880,USCG_2 8819880,DEPLOYED & ACTIVE,MetOcean I-SLDMB-FAT-AS [FID4056],Enabled,5/25/2020 18:22,5/25/2020 18:22,5/25/2020 18:22,29.148872,-90.116756,Position
300534060282730,USCG_2 0282730,DEPLOYED & ACTIVE,MetOcean I-SLDMB-FAT-AS [FID4056],Enabled,5/1/2020 7:00,5/1/2020 7:56,5/1/2020 7:56,32.200926,-80.59647,Position
300534060284710,USCG_2 0284710,DEPLOYED & ACTIVE,MetOcean I-SLDMB-FAT-AS [FID4056],Enabled,6/3/2020 13:00,6/3/2020 13:04,6/3/2020 13:04,27.231244,-64.526682,Position
300534060284760,USCG_2 0284760,DEPLOYED & ACTIVE,MetOcean I-SLDMB-FAT-AS [FID4056],Enabled,5/2/2020 18:00,5/2/2020 18:02,5/2/2020 18:03,28.084278,-78.945872,Position
300534060285760,USCG_2 0285760,DEPLOYED & ACTIVE,MetOcean I-SLDMB-FAT-AS [FID4056],Enabled,5/15/2020 3:52,5/15/2020 3:53,5/15/2020 3:53,21.405346,-158.167438,Position
300534060382020,USCG_2 0382020,DEPLOYED & ACTIVE,MetOcean I-SLDMB-FAT-AS [FID4056],Enabled,5/14/2020 0:30,5/14/2020 0:30,5/14/2020 0:31,21.593256,-158.107152,Position
300534060382070,USCG_2 0382070,DEPLOYED & ACTIVE,MetOcean I-SLDMB-FAT-AS [FID4056],Enabled,5/18/2020 14:36,5/18/2020 14:37,5/18/2020 14:37,30.27874,-87.531252,Position
300534060382090,USCG_2 0382090,DEPLOYED & ACTIVE,MetOcean I-SLDMB-FAT-AS [FID4056],Enabled,5/18/2020 0:30,5/18/2020 0:30,5/18/2020 0:30,24.668186,-81.23158,Position
300534060512790,USCG_2 0512790,DEPLOYED & ACTIVE,MetOcean I-SLDMB-FAT-AS [FID4056],Enabled,5/19/2020 10:04,5/19/2020 10:05,5/19/2020 10:05,21.451786,-158.197194,Position
300534060512800,USCG_2 0512800,DEPLOYED & ACTIVE,MetOcean I-SLDMB-FAT-AS [FID4056],Enabled,5/28/2020 5:30,5/28/2020 17:05,5/28/2020 17:05,23.102642,-159.358968,Position
300534060512940,USCG_2 0512940,DEPLOYED & ACTIVE,MetOcean I-SLDMB-FAT-AS [FID4056],Enabled,4/23/2020 3:30,4/23/2020 15:06,4/23/2020 15:06,30.28777,-85.797836,Position
300534060513800,USCG_2 0513800,DEPLOYED & ACTIVE,MetOcean I-SLDMB-FAT-AS [FID4056],Enabled,4/10/2020 4:50,4/10/2020 4:50,4/10/2020 4:50,30.386928,-90.206712,Position
300534060515780,USCG_2 0515780,DEPLOYED & ACTIVE,MetOcean I-SLDMB-FAT-AS [FID4056],Enabled,5/1/2020 19:40,5/1/2020 19:41,5/1/2020 19:41,38.1787,-75.95032,Position
300534060515800,USCG_2 0515800,DEPLOYED & ACTIVE,MetOcean I-SLDMB-FAT-AS [FID4056],Enabled,5/28/2020 5:24,5/28/2020 5:24,5/28/2020 5:25,30.177862,-89.690712,Position
300534060517780,USCG_2 0517780,DEPLOYED & ACTIVE,MetOcean I-SLDMB-FAT-AS [FID4056],Enabled,5/19/2020 14:23,5/19/2020 14:23,5/19/2020 14:23,31.515248,-67.327186,Position
300534060519920,USCG_2 0519920,DEPLOYED & ACTIVE,MetOcean I-SLDMB-FAT-AS [FID4056],Enabled,4/5/2020 16:30,4/6/2020 2:05,4/6/2020 2:05,34.428584,-77.027298,Position
300534060610530,USCG_2 0610530,DEPLOYED & ACTIVE,MetOcean I-SLDMB-FAT-AS [FID4056],Enabled,5/7/2020 22:30,5/8/2020 10:05,5/8/2020 10:06,31.772732,-79.295978,Position
300534060615600,USCG_2 0615600,DEPLOYED & ACTIVE,MetOcean I-SLDMB-FAT-AS [FID4056],Enabled,5/26/2020 13:30,5/26/2020 13:30,5/26/2020 13:30,27.378648,-80.253846,Position
300534060619580,USCG_2 0619580,DEPLOYED & ACTIVE,MetOcean I-SLDMB-FAT-AS [FID4056],Enabled,5/21/2020 13:30,5/21/2020 13:35,5/21/2020 13:35,5.581002,157.849796,Position
300534060710160,USCG_2 0710160,DEPLOYED & ACTIVE,MetOcean I-SLDMB-FAT-AS [FID4056],Enabled,4/26/2020 9:30,4/26/2020 13:02,4/26/2020 13:04,28.063982,-83.168816,Position
300534060710990,USCG_2 0710990,DEPLOYED & ACTIVE,MetOcean I-SLDMB-FAT-AS [FID4056],Enabled,4/30/2020 11:20,4/30/2020 11:20,4/30/2020 11:20,32.259062,-80.622356,Position
300534060711990,USCG_2 0711990,DEPLOYED & ACTIVE,MetOcean I-SLDMB-FAT-AS [FID4056],Enabled,3/28/2020 0:30,3/28/2020 12:05,3/28/2020 12:05,25.919314,-82.971188,Position
300534060716980,USCG_2 0716980,DEPLOYED & ACTIVE,MetOcean I-SLDMB-FAT-AS [FID4056],Enabled,4/7/2020 4:00,4/7/2020 4:01,4/7/2020 4:01,54.230772,-165.635334,Position
300534060719840,USCG_2 0719840,DEPLOYED & ACTIVE,MetOcean I-SLDMB-FAT-AS [FID4056],Enabled,6/3/2020 13:00,6/3/2020 13:05,6/3/2020 13:05,5.870134,157.327432,Position
300534060811010,USCG_2 0811010,DEPLOYED & ACTIVE,MetOcean I-SLDMB-FAT-AS [FID4056],Enabled,4/28/2020 8:48,4/28/2020 8:48,4/28/2020 8:48,22.224066,-159.466296,Position
300534060818010,USCG_2 0818010,DEPLOYED & ACTIVE,MetOcean I-SLDMB-FAT-AS [FID4056],Enabled,4/20/2020 17:17,4/20/2020 17:17,4/20/2020 17:17,26.113674,-97.171078,Position
300234067050920,USCG_2 7050920,DEPLOYED & EXPIRED,MetOcean I-SLDMB-FAT-AS [FID4056],Enabled,7/17/2019 5:00,7/17/2019 5:07,7/17/2019 5:07,23.2792,-160.042324,Position
300234067051880,USCG_2 7051880,DEPLOYED & EXPIRED,MetOcean I-SLDMB-FAT-AS [FID4056],Enabled,11/15/2019 23:30,11/16/2019 10:05,11/16/2019 10:05,19.55239,-67.383172,Position
300234067051930,USCG_2 7051930,DEPLOYED & EXPIRED,MetOcean I-SLDMB-FAT-AS [FID4056],Enabled,9/6/2019 2:30,9/6/2019 3:07,9/6/2019 3:07,18.569926,-157.990622,Position
300234067051940,USCG_2 7051940,DEPLOYED & EXPIRED,MetOcean I-SLDMB-FAT-AS [FID4056],Enabled,7/12/2019 18:29,7/12/2019 18:29,7/12/2019 18:29,33.13566,-117.266354,Position
300234067053560,USCG_2 7053560,DEPLOYED & EXPIRED,MetOcean I-SLDMB-FAT-AS [FID4056],Enabled,7/16/2019 18:00,7/17/2019 3:06,7/17/2019 3:06,30.32002,-88.223552,Position
300234067054900,USCG_2 7054900,DEPLOYED & EXPIRED,MetOcean I-SLDMB-FAT-AS [FID4056],Enabled,7/5/2019 13:10,7/5/2019 17:05,7/5/2019 17:06,41.539236,-70.234588,Position
300234067054940,USCG_2 7054940,DEPLOYED & EXPIRED,MetOcean I-SLDMB-FAT-AS [FID4056],Enabled,11/1/2019 3:30,11/1/2019 15:05,11/1/2019 15:05,34.188042,-75.449542,Position
300234067057900,USCG_2 7057900,DEPLOYED & EXPIRED,MetOcean I-SLDMB-FAT-AS [FID4056],Enabled,7/21/2019 16:30,7/22/2019 4:04,7/22/2019 4:04,19.604506,-156.400826,Position
300234067058880,USCG_2 7058880,DEPLOYED & EXPIRED,MetOcean I-SLDMB-FAT-AS [FID4056],Enabled,1/15/2020 16:50,1/15/2020 16:50,1/15/2020 16:50,29.339448,-94.681378,Position
300234067060420,USCG_2 7060420,DEPLOYED & EXPIRED,MetOcean I-SLDMB-FAT-AS [FID4056],Enabled,3/27/2020 12:29,3/27/2020 12:30,3/27/2020 12:30,25.969022,-80.283258,Position
300234067060460,USCG_2 7060460,DEPLOYED & EXPIRED,MetOcean I-SLDMB-FAT-AS [FID4056],Enabled,10/24/2019 9:30,10/24/2019 21:05,10/24/2019 21:05,20.017306,-158.658756,Position
300234067060470,USCG_2 7060470,DEPLOYED & EXPIRED,MetOcean I-SLDMB-FAT-AS [FID4056],Enabled,9/22/2019 22:00,9/22/2019 22:04,9/22/2019 22:04,21.283742,-157.866782,Position
300234067061420,USCG_2 7061420,DEPLOYED & EXPIRED,MetOcean I-SLDMB-FAT-AS [FID4056],Enabled,12/20/2019 2:30,12/20/2019 3:04,12/20/2019 3:04,18.465522,-157.521492,Position
300234067062310,USCG_2 7062310,DEPLOYED & EXPIRED,MetOcean I-SLDMB-FAT-AS [FID4056],Enabled,1/11/2020 5:30,1/11/2020 17:06,1/11/2020 17:06,26.29006,-79.828576,Position
300234067062430,USCG_2 7062430,DEPLOYED & EXPIRED,MetOcean I-SLDMB-FAT-AS [FID4056],Enabled,10/25/2019 14:59,10/25/2019 15:00,10/25/2019 15:00,20.871286,-156.678262,Position
300234067062450,USCG_2 7062450,DEPLOYED & EXPIRED,MetOcean I-SLDMB-FAT-AS [FID4056],Enabled,12/9/2019 14:00,12/9/2019 14:05,12/9/2019 21:47,29.941276,-87.465892,Position
300234067062490,USCG_2 7062490,DEPLOYED & EXPIRED,MetOcean I-SLDMB-FAT-AS [FID4056],Enabled,11/8/2019 9:00,11/8/2019 20:05,11/8/2019 20:05,28.337548,-95.434308,Position
300234067063420,USCG_2 7063420,DEPLOYED & EXPIRED,MetOcean I-SLDMB-FAT-AS [FID4056],Enabled,1/19/2020 19:00,1/19/2020 19:04,1/19/2020 19:04,32.997716,-76.411968,Position
300234067063440,USCG_2 7063440,DEPLOYED & EXPIRED,MetOcean I-SLDMB-FAT-AS [FID4056],Enabled,12/27/2019 20:30,12/28/2019 8:05,12/28/2019 8:05,23.926952,-160.120842,Position
300234067063460,USCG_2 7063460,DEPLOYED & EXPIRED,MetOcean I-SLDMB-FAT-AS [FID4056],Enabled,5/24/2020 15:18,5/24/2020 15:19,5/24/2020 15:19,27.468002,-80.298136,Position
300234067063480,USCG_2 7063480,DEPLOYED & EXPIRED,MetOcean I-SLDMB-FAT-AS [FID4056],Enabled,10/3/2019 17:30,10/4/2019 5:04,10/4/2019 5:04,20.820804,-158.01582,Position
300234067064430,USCG_2 7064430,DEPLOYED & EXPIRED,MetOcean I-SLDMB-FAT-AS [FID4056],Enabled,2/8/2020 15:40,2/8/2020 15:40,2/8/2020 15:40,21.62499,-158.08806,Position
300234067064440,USCG_2 7064440,DEPLOYED & EXPIRED,MetOcean I-SLDMB-FAT-AS [FID4056],Enabled,12/28/2019 2:40,12/28/2019 2:40,12/28/2019 2:40,21.906554,-159.579644,Position
300234067064460,USCG_2 7064460,DEPLOYED & EXPIRED,MetOcean I-SLDMB-FAT-AS [FID4056],Enabled,3/13/2020 0:40,3/13/2020 0:41,3/13/2020 0:41,21.509406,-159.346756,Position
300234067064520,USCG_2 7064520,DEPLOYED & EXPIRED,MetOcean I-SLDMB-FAT-AS [FID4056],Enabled,10/10/2019 12:30,10/11/2019 0:05,10/11/2019 0:05,20.21416,-158.815878,Position
300234067066220,USCG_2 7066220,DEPLOYED & EXPIRED,MetOcean I-SLDMB-FAT-AS [FID4056],Enabled,1/23/2020 11:10,1/23/2020 11:15,1/23/2020 11:15,27.353622,-80.238538,Position
300234067066410,USCG_2 7066410,DEPLOYED & EXPIRED,MetOcean I-SLDMB-FAT-AS [FID4056],Enabled,1/16/2020 10:00,1/16/2020 10:04,1/16/2020 10:04,20.466226,-155.926794,Position
300234067066440,USCG_2 7066440,DEPLOYED & EXPIRED,MetOcean I-SLDMB-FAT-AS [FID4056],Enabled,10/22/2019 19:30,10/23/2019 6:02,10/23/2019 6:03,21.081212,-157.02553,Position
300234067067150,USCG_2 7067150,DEPLOYED & EXPIRED,MetOcean I-SLDMB-FAT-AS [FID4056],Enabled,1/21/2020 10:00,1/21/2020 10:04,1/21/2020 10:04,32.92711,-76.510868,Position
300234067067400,USCG_2 7067400,DEPLOYED & EXPIRED,MetOcean I-SLDMB-FAT-AS [FID4056],Enabled,11/23/2019 8:30,11/23/2019 20:05,11/23/2019 20:06,19.800672,-154.884388,Position
300234067067510,USCG_2 7067510,DEPLOYED & EXPIRED,MetOcean I-SLDMB-FAT-AS [FID4056],Enabled,10/8/2019 3:52,10/8/2019 3:54,10/8/2019 3:54,21.26852,-156.19348,Position
300234067068410,USCG_2 7068410,DEPLOYED & EXPIRED,MetOcean I-SLDMB-FAT-AS [FID4056],Enabled,1/11/2020 5:30,1/11/2020 17:05,1/11/2020 17:05,28.96767,-80.069118,Position
300234067068440,USCG_2 7068440,DEPLOYED & EXPIRED,MetOcean I-SLDMB-FAT-AS [FID4056],Enabled,12/24/2019 22:00,12/24/2019 22:04,12/24/2019 22:04,20.264728,-68.62355,Position
300234067069460,USCG_2 7069460,DEPLOYED & EXPIRED,MetOcean I-SLDMB-FAT-AS [FID4056],Enabled,1/12/2020 21:30,1/13/2020 8:04,1/13/2020 8:04,28.659016,-80.633192,Position
300234067069470,USCG_2 7069470,DEPLOYED & EXPIRED,MetOcean I-SLDMB-FAT-AS [FID4056],Enabled,12/20/2019 15:00,12/20/2019 16:07,12/20/2019 16:07,9.442316,148.472958,Position
300234067940760,USCG_2 7940760,DEPLOYED & EXPIRED,MetOcean I-SLDMB-FAT-AS [FID4056],Enabled,7/13/2019 13:00,7/13/2019 13:05,7/13/2019 13:05,27.042302,-70.178774,Position
300234067941090,USCG_2 7941090,DEPLOYED & EXPIRED,MetOcean I-SLDMB-FAT-AS [FID4056],Enabled,2/7/2020 14:00,2/7/2020 14:04,2/7/2020 14:04,19.54508,-43.174774,Position
300234067941780,USCG_2 7941780,DEPLOYED & EXPIRED,MetOcean I-SLDMB-FAT-AS [FID4056],Enabled,8/8/2019 14:00,8/8/2019 14:04,8/8/2019 14:04,41.507416,-82.043936,Position
300234067943200,USCG_2 7943200,DEPLOYED & EXPIRED,MetOcean I-SLDMB-FAT-AS [FID4056],Enabled,6/17/2019 17:30,6/18/2019 0:34,6/18/2019 0:34,27.430592,-79.37054,Position
300234067943780,USCG_2 7943780,DEPLOYED & EXPIRED,MetOcean I-SLDMB-FAT-AS [FID4056],Enabled,8/26/2019 1:00,8/26/2019 1:01,8/26/2019 1:01,28.590044,-95.998554,Position
300234067945070,USCG_2 7945070,DEPLOYED & EXPIRED,MetOcean I-SLDMB-FAT-AS [FID4056],Enabled,6/11/2019 10:00,6/11/2019 10:06,6/11/2019 10:06,28.56046,-91.488886,Position
300234067946150,USCG_2 7946150,DEPLOYED & EXPIRED,MetOcean I-SLDMB-FAT-AS [FID4056],Enabled,12/1/2019 21:04,12/1/2019 21:04,12/1/2019 21:04,8.046278,-83.391986,Position
300234067946760,USCG_2 7946760,DEPLOYED & EXPIRED,MetOcean I-SLDMB-FAT-AS [FID4056],Enabled,7/30/2019 19:30,7/30/2019 20:04,7/30/2019 20:06,29.073708,-92.56767,Position
300234067947240,USCG_2 7947240,DEPLOYED & EXPIRED,MetOcean I-SLDMB-FAT-AS [FID4056],Enabled,8/25/2019 23:40,8/26/2019 3:01,8/26/2019 3:04,28.9767,-95.92382,Position
300234067947970,USCG_2 7947970,DEPLOYED & EXPIRED,MetOcean I-SLDMB-FAT-AS [FID4056],Enabled,5/2/2019 3:10,5/2/2019 3:12,5/2/2019 3:12,27.605774,-97.206768,Position
300234067948050,USCG_2 7948050,DEPLOYED & EXPIRED,MetOcean I-SLDMB-FAT-AS [FID4056],Enabled,8/19/2019 14:44,8/19/2019 14:44,8/19/2019 14:44,27.67079,-97.174604,Position
300234067948720,USCG_2 7948720,DEPLOYED & EXPIRED,MetOcean I-SLDMB-FAT-AS [FID4056],Enabled,6/10/2019 13:04,6/10/2019 13:04,6/10/2019 13:07,29.377116,-95.058316,Position
300234068110810,USCG_2 8110810,DEPLOYED & EXPIRED,MetOcean I-SLDMB-FAT-AS [FID4056],Enabled,10/31/2019 11:30,10/31/2019 23:04,10/31/2019 23:04,29.890364,-84.402486,Position
300234068111840,USCG_2 8111840,DEPLOYED & EXPIRED,MetOcean I-SLDMB-FAT-AS [FID4056],Enabled,6/15/2019 21:00,6/15/2019 21:04,6/15/2019 21:06,15.403492,-76.194388,Position
300234068114820,USCG_2 8114820,DEPLOYED & EXPIRED,MetOcean I-SLDMB-FAT-AS [FID4056],Enabled,12/13/2019 5:30,12/13/2019 17:05,12/13/2019 17:05,38.637424,-74.681132,Position
300234068210790,USCG_2 8210790,DEPLOYED & EXPIRED,MetOcean I-SLDMB-FAT-AS [FID4056],Enabled,1/31/2020 13:30,1/31/2020 14:04,1/31/2020 14:04,25.19872,-84.601232,Position
300234068211750,USCG_2 8211750,DEPLOYED & EXPIRED,MetOcean I-SLDMB-FAT-AS [FID4056],Enabled,11/15/2019 5:00,11/15/2019 5:02,11/15/2019 5:03,65.194912,-166.902114,Position
300234068211850,USCG_2 8211850,DEPLOYED & EXPIRED,MetOcean I-SLDMB-FAT-AS [FID4056],Enabled,12/7/2019 22:32,12/7/2019 22:33,12/7/2019 22:33,18.125908,-68.56937,Position
300234068211970,USCG_2 8211970,DEPLOYED & EXPIRED,MetOcean I-SLDMB-FAT-AS [FID4056],Enabled,9/29/2019 14:02,9/29/2019 14:03,9/29/2019 14:04,17.957692,-67.159658,Position
300234068212260,USCG_2 8212260,DEPLOYED & EXPIRED,MetOcean I-SLDMB-FAT-AS [FID4056],Enabled,9/18/2019 0:30,9/18/2019 6:05,9/18/2019 6:05,29.65997,-88.622248,Position
300234068212500,USCG_2 8212500,DEPLOYED & EXPIRED,MetOcean I-SLDMB-FAT-AS [FID4056],Enabled,7/25/2019 4:30,7/25/2019 4:30,7/25/2019 4:31,22.075458,-159.769532,Position
300234068213230,USCG_2 8213230,DEPLOYED & EXPIRED,MetOcean I-SLDMB-FAT-AS [FID4056],Enabled,6/26/2019 17:10,6/26/2019 17:12,6/26/2019 17:12,21.956262,-159.347358,Position
300234068213480,USCG_2 8213480,DEPLOYED & EXPIRED,MetOcean I-SLDMB-FAT-AS [FID4056],Enabled,11/25/2019 3:00,11/25/2019 3:05,11/25/2019 3:05,39.161508,-73.71948,Position
300234068213760,USCG_2 8213760,DEPLOYED & EXPIRED,MetOcean I-SLDMB-FAT-AS [FID4056],Enabled,12/11/2019 21:00,12/12/2019 2:01,12/12/2019 2:01,25.153054,-80.360056,Position
300234068214840,USCG_2 8214840,DEPLOYED & EXPIRED,MetOcean I-SLDMB-FAT-AS [FID4056],Enabled,12/22/2019 19:21,12/22/2019 19:21,12/22/2019 19:21,27.797984,-79.20714,Position
300234068215860,USCG_2 8215860,DEPLOYED & EXPIRED,MetOcean I-SLDMB-FAT-AS [FID4056],Enabled,9/17/2019 7:00,9/17/2019 7:01,9/17/2019 7:01,5.837024,156.56401,Position
300234068216740,USCG_2 8216740,DEPLOYED & EXPIRED,MetOcean I-SLDMB-FAT-AS [FID4056],Enabled,9/3/2019 15:30,9/4/2019 3:04,9/4/2019 3:04,27.556582,-79.583132,Position
300234068218800,USCG_2 8218800,DEPLOYED & EXPIRED,MetOcean I-SLDMB-FAT-AS [FID4056],Enabled,10/1/2019 2:40,10/1/2019 4:24,10/1/2019 4:24,26.344584,-80.067828,Position
300234068218810,USCG_2 8218810,DEPLOYED & EXPIRED,MetOcean I-SLDMB-FAT-AS [FID4056],Enabled,1/15/2020 7:00,1/15/2020 16:06,1/15/2020 16:06,2.567648,-78.743256,Position
300234068219210,USCG_2 8219210,DEPLOYED & EXPIRED,MetOcean I-SLDMB-FAT-AS [FID4056],Enabled,7/16/2019 23:09,7/16/2019 23:10,7/16/2019 23:10,23.475194,-84.711914,Position
300234068219340,USCG_2 8219340,DEPLOYED & EXPIRED,MetOcean I-SLDMB-FAT-AS [FID4056],Enabled,6/21/2019 14:00,6/21/2019 14:05,6/21/2019 14:05,30.713384,-78.44045,Position
300234068219730,USCG_2 8219730,DEPLOYED & EXPIRED,MetOcean I-SLDMB-FAT-AS [FID4056],Enabled,10/29/2019 2:00,10/29/2019 2:04,10/29/2019 2:04,15.751964,-44.245388,Position
300234068311530,USCG_2 8311530,DEPLOYED & EXPIRED,MetOcean I-SLDMB-FAT-AS [FID4056],Enabled,11/7/2019 2:30,11/7/2019 14:05,11/7/2019 14:05,25.686426,-90.468066,Position
300234068314390,USCG_2 8314390,DEPLOYED & EXPIRED,MetOcean I-SLDMB-FAT-AS [FID4056],Enabled,10/22/2019 12:30,10/22/2019 13:11,10/22/2019 13:11,28.501894,-96.470092,Position
300234068314420,USCG_2 8314420,DEPLOYED & EXPIRED,MetOcean I-SLDMB-FAT-AS [FID4056],Enabled,1/1/2020 11:00,1/1/2020 21:03,1/1/2020 21:03,27.836856,-97.238416,Position
300234068318000,USCG_2 8318000,DEPLOYED & EXPIRED,MetOcean I-SLDMB-FAT-AS [FID4056],Enabled,10/20/2019 11:09,10/20/2019 11:09,10/20/2019 11:09,24.50728,-156.311816,Position
300234068318540,USCG_2 8318540,DEPLOYED & EXPIRED,MetOcean I-SLDMB-FAT-AS [FID4056],Enabled,10/10/2019 18:37,10/10/2019 18:37,10/10/2019 18:37,41.666344,-71.277252,Position
300234068576640,USCG_2 8576640,DEPLOYED & EXPIRED,MetOcean I-SLDMB-FAT-AS [FID4056],Enabled,3/4/2020 6:00,3/4/2020 6:04,3/4/2020 6:22,7.288704,148.856776,Position
300234068578880,USCG_2 8578880,DEPLOYED & EXPIRED,MetOcean I-SLDMB-FAT-AS [FID4056],Enabled,2/9/2020 15:30,2/9/2020 15:35,2/9/2020 15:42,7.523398,134.625582,Position
300234068578890,USCG_2 8578890,DEPLOYED & EXPIRED,MetOcean I-SLDMB-FAT-AS [FID4056],Enabled,2/8/2020 16:30,2/8/2020 16:33,2/8/2020 16:39,7.740376,134.50458,Position
300234068578940,USCG_2 8578940,DEPLOYED & EXPIRED,MetOcean I-SLDMB-FAT-AS [FID4056],Enabled,2/15/2020 22:30,2/16/2020 10:02,2/16/2020 10:17,7.554444,134.647512,Position
300234068579630,USCG_2 8579630,DEPLOYED & EXPIRED,MetOcean I-SLDMB-FAT-AS [FID4056],Enabled,2/14/2020 12:20,2/14/2020 12:34,2/14/2020 12:40,19.067866,-155.553468,Position
300234068630710,USCG_2 8630710,DEPLOYED & EXPIRED,MetOcean I-SLDMB-FAT-AS [FID4056],Enabled,8/30/2019 22:30,8/31/2019 10:05,8/31/2019 10:06,40.519878,-72.73994,Position
300234068630740,USCG_2 8630740,DEPLOYED & EXPIRED,MetOcean I-SLDMB-FAT-AS [FID4056],Enabled,1/7/2020 19:30,1/8/2020 6:06,1/8/2020 6:06,18.858112,-155.061634,Position
300234068631730,USCG_2 8631730,DEPLOYED & EXPIRED,MetOcean I-SLDMB-FAT-AS [FID4056],Enabled,9/20/2019 2:30,9/20/2019 7:05,9/20/2019 7:05,30.033898,-90.064898,Position
300234068631740,USCG_2 8631740,DEPLOYED & EXPIRED,MetOcean I-SLDMB-FAT-AS [FID4056],Enabled,8/12/2019 6:50,8/12/2019 10:34,8/12/2019 10:34,41.310562,-71.86102,Position
300234068631780,USCG_2 8631780,DEPLOYED & EXPIRED,MetOcean I-SLDMB-FAT-AS [FID4056],Enabled,11/16/2019 21:30,11/17/2019 9:04,11/17/2019 9:04,23.27576,-93.229182,Position
300234068631830,USCG_2 8631830,DEPLOYED & EXPIRED,MetOcean I-SLDMB-FAT-AS [FID4056],Enabled,10/10/2019 21:30,10/10/2019 22:04,10/10/2019 22:04,39.919082,-74.065114,Position
300234068632690,USCG_2 8632690,DEPLOYED & EXPIRED,MetOcean I-SLDMB-FAT-AS [FID4056],Enabled,8/3/2019 2:30,8/3/2019 14:04,8/3/2019 14:05,5.89301,-81.974448,Position
300234068632720,USCG_2 8632720,DEPLOYED & EXPIRED,MetOcean I-SLDMB-FAT-AS [FID4056],Enabled,7/16/2019 15:00,7/16/2019 15:01,7/16/2019 15:05,29.795506,-77.849544,Position
300234068632730,USCG_2 8632730,DEPLOYED & EXPIRED,MetOcean I-SLDMB-FAT-AS [FID4056],Enabled,10/5/2019 21:53,10/5/2019 21:54,10/5/2019 21:54,30.143892,-85.750966,Position
300234068632830,USCG_2 8632830,DEPLOYED & EXPIRED,MetOcean I-SLDMB-FAT-AS [FID4056],Enabled,8/20/2019 14:00,8/20/2019 14:04,8/20/2019 14:04,39.682668,-62.303668,Position
300234068632840,USCG_2 8632840,DEPLOYED & EXPIRED,MetOcean I-SLDMB-FAT-AS [FID4056],Enabled,10/17/2019 9:30,10/17/2019 21:07,10/17/2019 21:07,43.189748,-70.290746,Position
300234068632980,USCG_2 8632980,DEPLOYED & EXPIRED,MetOcean I-SLDMB-FAT-AS [FID4056],Enabled,10/17/2019 3:59,10/17/2019 3:59,10/17/2019 3:59,40.725074,-73.072416,Position
300234068633720,USCG_2 8633720,DEPLOYED & EXPIRED,MetOcean I-SLDMB-FAT-AS [FID4056],Enabled,8/11/2019 22:30,8/11/2019 22:34,8/11/2019 22:34,18.296102,-65.553866,Position
300234068633730,USCG_2 8633730,DEPLOYED & EXPIRED,MetOcean I-SLDMB-FAT-AS [FID4056],Enabled,7/28/2019 14:00,7/28/2019 14:01,7/28/2019 14:02,43.034002,-70.71765,Position
300234068633750,USCG_2 8633750,DEPLOYED & EXPIRED,MetOcean I-SLDMB-FAT-AS [FID4056],Enabled,10/17/2019 4:50,10/17/2019 4:51,10/17/2019 4:51,43.987226,-76.268004,Position
300234068633970,USCG_2 8633970,DEPLOYED & EXPIRED,MetOcean I-SLDMB-FAT-AS [FID4056],Enabled,1/4/2020 19:00,1/5/2020 6:05,1/5/2020 6:05,26.491988,-80.040824,Position
300234068634710,USCG_2 8634710,DEPLOYED & EXPIRED,MetOcean I-SLDMB-FAT-AS [FID4056],Enabled,8/2/2019 11:11,8/2/2019 11:11,8/2/2019 11:11,32.601428,-80.105066,Position
300234068634830,USCG_2 8634830,DEPLOYED & EXPIRED,MetOcean I-SLDMB-FAT-AS [FID4056],Enabled,8/19/2019 21:00,8/19/2019 21:03,8/19/2019 21:04,26.8912,-82.804692,Position
300234068634900,USCG_2 8634900,DEPLOYED & EXPIRED,MetOcean I-SLDMB-FAT-AS [FID4056],Enabled,7/5/2019 16:40,7/5/2019 16:41,7/5/2019 16:41,29.242698,-89.991884,Position
300234068635690,USCG_2 8635690,DEPLOYED & EXPIRED,MetOcean I-SLDMB-FAT-AS [FID4056],Enabled,1/10/2020 13:00,1/10/2020 21:31,1/10/2020 21:31,23.724766,-77.617774,Position
300234068635870,USCG_2 8635870,DEPLOYED & EXPIRED,MetOcean I-SLDMB-FAT-AS [FID4056],Enabled,11/5/2019 18:30,11/6/2019 6:05,11/6/2019 6:05,24.169644,-93.282674,Position
300234068636850,USCG_2 8636850,DEPLOYED & EXPIRED,MetOcean I-SLDMB-FAT-AS [FID4056],Enabled,10/15/2019 21:11,10/15/2019 21:11,10/15/2019 21:11,32.75898,-79.84999,Position
300234068636870,USCG_2 8636870,DEPLOYED & EXPIRED,MetOcean I-SLDMB-FAT-AS [FID4056],Enabled,10/31/2019 16:30,10/31/2019 18:04,10/31/2019 18:04,24.15984,-93.321976,Position
300234068637850,USCG_2 8637850,DEPLOYED & EXPIRED,MetOcean I-SLDMB-FAT-AS [FID4056],Enabled,9/16/2019 4:00,9/16/2019 4:05,9/16/2019 4:05,22.774122,-161.112164,Position
300234068638700,USCG_2 8638700,DEPLOYED & EXPIRED,MetOcean I-SLDMB-FAT-AS [FID4056],Enabled,9/4/2019 19:30,9/5/2019 6:05,9/5/2019 6:05,22.185022,-159.839536,Position
300234068638710,USCG_2 8638710,DEPLOYED & EXPIRED,MetOcean I-SLDMB-FAT-AS [FID4056],Enabled,9/29/2019 1:30,9/29/2019 2:04,9/29/2019 2:04,6.112396,160.675498,Position
300234068638780,USCG_2 8638780,DEPLOYED & EXPIRED,MetOcean I-SLDMB-FAT-AS [FID4056],Enabled,10/15/2019 14:30,10/16/2019 2:05,10/16/2019 2:05,21.071064,-157.050814,Position
300234068638840,USCG_2 8638840,DEPLOYED & EXPIRED,MetOcean I-SLDMB-FAT-AS [FID4056],Enabled,10/21/2019 1:30,10/21/2019 1:34,10/21/2019 1:34,27.665028,-97.295004,Position
300234068638860,USCG_2 8638860,DEPLOYED & EXPIRED,MetOcean I-SLDMB-FAT-AS [FID4056],Enabled,8/31/2019 4:40,8/31/2019 4:40,8/31/2019 4:40,21.115612,-156.73614,Position
300234068639730,USCG_2 8639730,DEPLOYED & EXPIRED,MetOcean I-SLDMB-FAT-AS [FID4056],Enabled,9/14/2019 1:00,9/14/2019 1:01,9/14/2019 1:03,19.165132,-156.696236,Position
300234068639770,USCG_2 8639770,DEPLOYED & EXPIRED,MetOcean I-SLDMB-FAT-AS [FID4056],Enabled,10/6/2019 20:00,10/7/2019 7:04,10/7/2019 7:04,20.258192,-157.761948,Position
300234068639840,USCG_2 8639840,DEPLOYED & EXPIRED,MetOcean I-SLDMB-FAT-AS [FID4056],Enabled,8/18/2019 5:00,8/18/2019 5:00,8/18/2019 5:01,19.562538,-155.977276,Position
300234068650450,USCG_2 8650450,DEPLOYED & EXPIRED,MetOcean I-SLDMB-FAT-AS [FID4056],Enabled,3/3/2020 11:10,3/3/2020 11:14,3/3/2020 11:14,7.056074,149.075388,Position
300234068650480,USCG_2 8650480,DEPLOYED & EXPIRED,MetOcean I-SLDMB-FAT-AS [FID4056],Enabled,12/23/2019 10:30,12/23/2019 22:05,12/23/2019 22:05,25.91381,-82.03697,Position
300234068650590,USCG_2 8650590,DEPLOYED & EXPIRED,MetOcean I-SLDMB-FAT-AS [FID4056],Enabled,2/10/2020 22:49,2/10/2020 22:49,2/10/2020 22:49,21.30679,-157.872716,Position
300234068650750,USCG_2 8650750,DEPLOYED & EXPIRED,MetOcean I-SLDMB-FAT-AS [FID4056],Enabled,12/24/2019 5:30,12/24/2019 6:01,12/24/2019 6:01,24.583218,-81.89851,Position
300234068651210,USCG_2 8651210,DEPLOYED & EXPIRED,MetOcean I-SLDMB-FAT-AS [FID4056],Enabled,1/17/2020 1:00,1/17/2020 1:04,1/17/2020 1:04,24.85945,-171.821744,Position
300234068651470,USCG_2 8651470,DEPLOYED & EXPIRED,MetOcean I-SLDMB-FAT-AS [FID4056],Enabled,1/17/2020 19:22,1/17/2020 19:30,1/17/2020 19:30,30.920902,-85.439044,Position
300234068651730,USCG_2 8651730,DEPLOYED & EXPIRED,MetOcean I-SLDMB-FAT-AS [FID4056],Enabled,2/14/2020 23:00,2/14/2020 23:04,2/14/2020 23:04,18.146032,-157.762894,Position
300234068651750,USCG_2 8651750,DEPLOYED & EXPIRED,MetOcean I-SLDMB-FAT-AS [FID4056],Enabled,1/2/2020 0:30,1/2/2020 5:06,1/2/2020 5:06,27.837028,-97.238072,Position
300234068652030,USCG_2 8652030,DEPLOYED & EXPIRED,MetOcean I-SLDMB-FAT-AS [FID4056],Enabled,1/24/2020 8:00,1/24/2020 8:01,1/24/2020 8:01,23.74833,-170.387436,Position
300234068652100,USCG_2 8652100,DEPLOYED & EXPIRED,MetOcean I-SLDMB-FAT-AS [FID4056],Enabled,11/27/2019 9:30,11/27/2019 9:34,11/27/2019 9:34,21.025312,-156.588994,Position
300234068652450,USCG_2 8652450,DEPLOYED & EXPIRED,MetOcean I-SLDMB-FAT-AS [FID4056],Enabled,2/13/2020 11:09,2/13/2020 11:09,2/13/2020 11:09,9.531928,148.739042,Position
300234068652460,USCG_2 8652460,DEPLOYED & EXPIRED,MetOcean I-SLDMB-FAT-AS [FID4056],Enabled,2/28/2020 15:30,2/29/2020 3:04,2/29/2020 3:04,7.819324,148.657858,Position
300234068652470,USCG_2 8652470,DEPLOYED & EXPIRED,MetOcean I-SLDMB-FAT-AS [FID4056],Enabled,10/19/2019 20:00,10/20/2019 7:05,10/20/2019 7:05,26.61729,-79.398232,Position
300234068652480,USCG_2 8652480,DEPLOYED & EXPIRED,MetOcean I-SLDMB-FAT-AS [FID4056],Enabled,12/4/2019 21:00,12/5/2019 8:06,12/5/2019 8:06,40.652146,-71.599064,Position
300234068652660,USCG_2 8652660,DEPLOYED & EXPIRED,MetOcean I-SLDMB-FAT-AS [FID4056],Enabled,1/16/2020 8:00,1/16/2020 8:05,1/16/2020 8:05,27.660814,-170.445228,Position
300234068652750,USCG_2 8652750,DEPLOYED & EXPIRED,MetOcean I-SLDMB-FAT-AS [FID4056],Enabled,12/28/2019 0:00,12/28/2019 3:01,12/28/2019 3:01,15.17499,162.909176,Position
300234068653470,USCG_2 8653470,DEPLOYED & EXPIRED,MetOcean I-SLDMB-FAT-AS [FID4056],Enabled,12/14/2019 23:30,12/15/2019 4:05,12/15/2019 4:05,40.732384,-71.306922,Position
300234068653660,USCG_2 8653660,DEPLOYED & EXPIRED,MetOcean I-SLDMB-FAT-AS [FID4056],Enabled,12/17/2019 16:00,12/17/2019 17:05,12/17/2019 17:05,23.682884,-77.31342,Position
300234068653670,USCG_2 8653670,DEPLOYED & EXPIRED,MetOcean I-SLDMB-FAT-AS [FID4056],Enabled,12/27/2019 17:30,12/28/2019 4:08,12/28/2019 4:08,23.784708,-77.080876,Position
300234068653690,USCG_2 8653690,DEPLOYED & EXPIRED,MetOcean I-SLDMB-FAT-AS [FID4056],Enabled,3/4/2020 13:00,3/4/2020 13:04,3/4/2020 13:04,27.616868,-84.290686,Position
300234068653740,USCG_2 8653740,DEPLOYED & EXPIRED,MetOcean I-SLDMB-FAT-AS [FID4056],Enabled,12/8/2019 3:00,12/8/2019 14:07,12/8/2019 14:07,43.180804,-69.223314,Position
300234068653750,USCG_2 8653750,DEPLOYED & EXPIRED,MetOcean I-SLDMB-FAT-AS [FID4056],Enabled,12/14/2019 18:00,12/14/2019 18:05,12/14/2019 18:05,8.398706,152.175602,Position
300234068653800,USCG_2 8653800,DEPLOYED & EXPIRED,MetOcean I-SLDMB-FAT-AS [FID4056],Enabled,4/5/2020 22:42,4/5/2020 22:42,4/5/2020 22:42,28.062262,-82.82645,Position
300234068654210,USCG_2 8654210,DEPLOYED & EXPIRED,MetOcean I-SLDMB-FAT-AS [FID4056],Enabled,1/1/2020 5:30,1/1/2020 6:05,1/1/2020 6:05,19.843156,-154.216942,Position
300234068654480,USCG_2 8654480,DEPLOYED & EXPIRED,MetOcean I-SLDMB-FAT-AS [FID4056],Enabled,12/13/2019 2:30,12/13/2019 14:05,12/13/2019 14:05,8.696782,150.366936,Position
300234068654660,USCG_2 8654660,DEPLOYED & EXPIRED,MetOcean I-SLDMB-FAT-AS [FID4056],Enabled,2/17/2020 17:00,2/17/2020 17:08,2/17/2020 17:08,27.452522,-80.283172,Position
300234068654690,USCG_2 8654690,DEPLOYED & EXPIRED,MetOcean I-SLDMB-FAT-AS [FID4056],Enabled,3/11/2020 21:00,3/11/2020 21:05,3/11/2020 21:05,26.748526,-83.959586,Position
300234068654710,USCG_2 8654710,DEPLOYED & EXPIRED,MetOcean I-SLDMB-FAT-AS [FID4056],Enabled,2/23/2020 22:30,2/23/2020 23:04,2/23/2020 23:04,28.483318,-89.494976,Position
300234068655470,USCG_2 8655470,DEPLOYED & EXPIRED,MetOcean I-SLDMB-FAT-AS [FID4056],Enabled,12/21/2019 16:00,12/21/2019 16:04,12/21/2019 16:04,15.09845,164.520128,Position
300234068656730,USCG_2 8656730,DEPLOYED & EXPIRED,MetOcean I-SLDMB-FAT-AS [FID4056],Enabled,11/17/2019 8:00,11/17/2019 8:04,11/17/2019 8:04,37.138874,-66.823312,Position
300234068657660,USCG_2 8657660,DEPLOYED & EXPIRED,MetOcean I-SLDMB-FAT-AS [FID4056],Enabled,2/17/2020 13:30,2/18/2020 1:04,2/18/2020 1:04,9.355972,148.59955,Position
300234068657740,USCG_2 8657740,DEPLOYED & EXPIRED,MetOcean I-SLDMB-FAT-AS [FID4056],Enabled,3/13/2020 1:30,3/13/2020 13:05,3/13/2020 13:05,7.217668,150.340448,Position
300234068657800,USCG_2 8657800,DEPLOYED & EXPIRED,MetOcean I-SLDMB-FAT-AS [FID4056],Enabled,12/26/2019 3:42,12/26/2019 3:42,12/26/2019 3:42,27.8071,-97.39055,Position
300234068658450,USCG_2 8658450,DEPLOYED & EXPIRED,MetOcean I-SLDMB-FAT-AS [FID4056],Enabled,12/30/2019 19:10,12/30/2019 20:24,12/30/2019 20:24,27.80753,-97.223022,Position
300234068659800,USCG_2 8659800,DEPLOYED & EXPIRED,MetOcean I-SLDMB-FAT-AS [FID4056],Enabled,11/16/2019 3:40,11/16/2019 4:11,11/16/2019 4:11,24.564986,-81.795138,Position
300234068730460,USCG_2 8730460,DEPLOYED & EXPIRED,MetOcean I-SLDMB-FAT-AS [FID4056],Enabled,12/17/2019 5:00,12/17/2019 5:04,12/17/2019 5:04,20.118528,-154.381546,Position
300234068730470,USCG_2 8730470,DEPLOYED & EXPIRED,MetOcean I-SLDMB-FAT-AS [FID4056],Enabled,9/18/2019 22:30,9/19/2019 10:05,9/19/2019 10:05,22.781948,-160.699966,Position
300234068730490,USCG_2 8730490,DEPLOYED & EXPIRED,MetOcean I-SLDMB-FAT-AS [FID4056],Enabled,12/27/2019 11:00,12/27/2019 12:05,12/27/2019 12:05,9.15886,147.726994,Position
300234068731470,USCG_2 8731470,DEPLOYED & EXPIRED,MetOcean I-SLDMB-FAT-AS [FID4056],Enabled,10/1/2019 5:00,10/1/2019 5:05,10/1/2019 5:05,26.754116,-160.973876,Position
300234068732500,USCG_2 8732500,DEPLOYED & EXPIRED,MetOcean I-SLDMB-FAT-AS [FID4056],Enabled,12/25/2019 12:30,12/25/2019 19:06,12/25/2019 19:06,29.257232,-89.949142,Position
300234068733050,USCG_2 8733050,DEPLOYED & EXPIRED,MetOcean I-SLDMB-FAT-AS [FID4056],Enabled,11/27/2019 21:30,11/28/2019 9:04,11/28/2019 9:04,39.809862,-70.968512,Position
300234068733480,USCG_2 8733480,DEPLOYED & EXPIRED,MetOcean I-SLDMB-FAT-AS [FID4056],Enabled,11/3/2019 17:30,11/4/2019 5:05,11/4/2019 5:05,30.156792,-78.016642,Position
300234068733490,USCG_2 8733490,DEPLOYED & EXPIRED,MetOcean I-SLDMB-FAT-AS [FID4056],Enabled,9/30/2019 5:36,9/30/2019 5:36,9/30/2019 5:36,26.281804,-80.079782,Position
300234068734030,USCG_2 8734030,DEPLOYED & EXPIRED,MetOcean I-SLDMB-FAT-AS [FID4056],Enabled,8/30/2019 20:00,8/30/2019 20:01,8/30/2019 20:01,28.448832,-80.528788,Position
300234068736050,USCG_2 8736050,DEPLOYED & EXPIRED,MetOcean I-SLDMB-FAT-AS [FID4056],Enabled,3/1/2020 18:30,3/1/2020 19:02,3/1/2020 19:02,20.32682,-45.147098,Position
300234068736470,USCG_2 8736470,DEPLOYED & EXPIRED,MetOcean I-SLDMB-FAT-AS [FID4056],Enabled,11/26/2019 8:00,11/26/2019 18:07,11/26/2019 18:07,26.890254,-79.940462,Position
300234068737030,USCG_2 8737030,DEPLOYED & EXPIRED,MetOcean I-SLDMB-FAT-AS [FID4056],Enabled,10/21/2019 3:20,10/21/2019 3:21,10/21/2019 3:21,29.830852,-84.38563,Position
300234068737470,USCG_2 8737470,DEPLOYED & EXPIRED,MetOcean I-SLDMB-FAT-AS [FID4056],Enabled,9/29/2019 15:00,9/29/2019 19:07,9/29/2019 19:07,43.321758,-87.885916,Position
300234068737490,USCG_2 8737490,DEPLOYED & EXPIRED,MetOcean I-SLDMB-FAT-AS [FID4056],Enabled,10/30/2019 5:30,10/30/2019 17:00,10/30/2019 17:00,16.288604,-45.532292,Position
300234068779510,USCG_2 8779510,DEPLOYED & EXPIRED,MetOcean I-SLDMB-FAT-AS [FID4056],Enabled,2/21/2020 20:00,2/22/2020 1:05,2/22/2020 1:25,27.49449,-80.0379,Position
300234068810870,USCG_2 8810870,DEPLOYED & EXPIRED,MetOcean I-SLDMB-FAT-AS [FID4056],Enabled,1/24/2020 18:40,1/24/2020 18:40,1/24/2020 18:40,25.806224,-80.11874,Position
300234068811870,USCG_2 8811870,DEPLOYED & EXPIRED,MetOcean I-SLDMB-FAT-AS [FID4056],Enabled,2/2/2020 18:03,2/2/2020 18:05,2/2/2020 18:05,19.572772,-154.99593,Position
300234068812910,USCG_2 8812910,DEPLOYED & EXPIRED,MetOcean I-SLDMB-FAT-AS [FID4056],Enabled,1/12/2020 7:30,1/12/2020 19:05,1/12/2020 19:05,24.964112,-166.759354,Position
300234068813880,USCG_2 8813880,DEPLOYED & EXPIRED,MetOcean I-SLDMB-FAT-AS [FID4056],Enabled,10/17/2019 16:30,10/18/2019 4:05,10/18/2019 4:05,21.347382,-157.381226,Position
300234068815620,USCG_2 8815620,DEPLOYED & EXPIRED,MetOcean I-SLDMB-FAT-AS [FID4056],Enabled,5/26/2020 14:05,5/26/2020 14:05,5/26/2020 14:05,34.715222,-76.667302,Position
300234068818880,USCG_2 8818880,DEPLOYED & EXPIRED,MetOcean I-SLDMB-FAT-AS [FID4056],Enabled,2/21/2020 14:40,2/21/2020 14:40,2/21/2020 14:40,21.577948,-158.231852,Position
300234068819920,USCG_2 8819920,DEPLOYED & EXPIRED,MetOcean I-SLDMB-FAT-AS [FID4056],Enabled,12/27/2019 15:00,12/27/2019 15:01,12/27/2019 15:01,19.697816,-154.27052,Position
300534060510780,USCG_2 0510780,DEPLOYED & EXPIRED,MetOcean I-SLDMB-FAT-AS [FID4056],Enabled,2/10/2020 0:30,2/10/2020 0:31,2/10/2020 0:31,21.68089,-158.041792,Position
300534060510810,USCG_2 0510810,DEPLOYED & EXPIRED,MetOcean I-SLDMB-FAT-AS [FID4056],Enabled,2/11/2020 19:00,2/11/2020 19:01,2/11/2020 19:01,7.439376,134.633322,Position
300534060510950,USCG_2 0510950,DEPLOYED & EXPIRED,MetOcean I-SLDMB-FAT-AS [FID4056],Enabled,2/10/2020 0:39,2/10/2020 0:39,2/10/2020 0:39,21.639266,-158.063378,Position
300534060511890,USCG_2 0511890,DEPLOYED & EXPIRED,MetOcean I-SLDMB-FAT-AS [FID4056],Enabled,2/12/2020 22:20,2/12/2020 22:24,2/12/2020 22:24,11.162918,148.16869,Position
300534060511950,USCG_2 0511950,DEPLOYED & EXPIRED,MetOcean I-SLDMB-FAT-AS [FID4056],Enabled,3/1/2020 4:00,3/1/2020 5:05,3/1/2020 5:06,21.51964,-158.23684,Position
300534060519940,USCG_2 0519940,DEPLOYED & EXPIRED,MetOcean I-SLDMB-FAT-AS [FID4056],Enabled,3/2/2020 23:20,3/2/2020 23:22,3/2/2020 23:22,7.373156,149.166806,Position
300534060610590,USCG_2 0610590,DEPLOYED & EXPIRED,MetOcean I-SLDMB-FAT-AS [FID4056],Enabled,3/17/2020 16:17,3/17/2020 16:17,3/17/2020 16:17,26.0957,-97.161532,Position
300534060613610,USCG_2 0613610,DEPLOYED & EXPIRED,MetOcean I-SLDMB-FAT-AS [FID4056],Enabled,2/28/2020 0:00,2/28/2020 10:06,2/28/2020 10:06,21.376364,-158.696338,Position
300534060615610,USCG_2 0615610,DEPLOYED & EXPIRED,MetOcean I-SLDMB-FAT-AS [FID4056],Enabled,3/4/2020 3:30,3/4/2020 3:35,3/4/2020 3:35,7.40532,149.277316,Position
300534060712060,USCG_2 0712060,DEPLOYED & EXPIRED,MetOcean I-SLDMB-FAT-AS [FID4056],Enabled,2/7/2020 5:00,2/7/2020 5:04,2/7/2020 5:04,26.613076,-78.276878,Position
300534060713060,USCG_2 0713060,DEPLOYED & EXPIRED,MetOcean I-SLDMB-FAT-AS [FID4056],Enabled,2/23/2020 6:30,2/23/2020 18:06,2/23/2020 18:06,28.214052,-84.519016,Position
300534060810000,USCG_2 0810000,DEPLOYED & EXPIRED,MetOcean I-SLDMB-FAT-AS [FID4056],Enabled,2/24/2020 8:05,2/24/2020 8:05,2/24/2020 8:05,21.51749,-158.25662,Position
300534060810020,USCG_2 0810020,DEPLOYED & EXPIRED,MetOcean I-SLDMB-FAT-AS [FID4056],Enabled,2/14/2020 16:50,2/14/2020 16:52,2/14/2020 16:52,18.97275,-155.596038,Position
300234067052940,USCG_2 7052940,SO10015 - EXPIRY APR 2022,MetOcean I-SLDMB-FAT-AS [FID4056],Enabled,---,---,---,---,---,---
300234067056920,USCG_2 7056920,SO10015 - EXPIRY APR 2022,MetOcean I-SLDMB-FAT-AS [FID4056],Enabled,---,---,---,---,---,---
300234067058900,USCG_2 7058900,SO10015 - EXPIRY APR 2022,MetOcean I-SLDMB-FAT-AS [FID4056],Enabled,---,---,---,---,---,---
300234067942720,USCG_2 7942720,SO10015 - EXPIRY APR 2022,MetOcean I-SLDMB-FAT-AS [FID4056],Enabled,---,---,---,---,---,---
300234067942780,USCG_2 7942780,SO10015 - EXPIRY APR 2022,MetOcean I-SLDMB-FAT-AS [FID4056],Enabled,---,---,---,---,---,---
300234067948780,USCG_2 7948780,SO10015 - EXPIRY APR 2022,MetOcean I-SLDMB-FAT-AS [FID4056],Enabled,---,---,---,---,---,---
300234067054560,USCG_2 7054560,SO10188 - EXPIRY APR 2022,MetOcean I-SLDMB-FAT-AS [FID4056],Enabled,---,---,---,---,---,---
300234068111780,USCG_2 8111780,SO10188 - EXPIRY APR 2022,MetOcean I-SLDMB-FAT-AS [FID4056],Enabled,---,---,---,---,---,---
300234068117780,USCG_2 8117780,SO10188 - EXPIRY APR 2022,MetOcean I-SLDMB-FAT-AS [FID4056],Enabled,---,---,---,---,---,---
300234068213360,USCG_2 8213360,SO10188 - EXPIRY APR 2022,MetOcean I-SLDMB-FAT-AS [FID4056],Enabled,---,---,---,---,---,---
300234068214310,USCG_2 8214310,SO10188 - EXPIRY APR 2022,MetOcean I-SLDMB-FAT-AS [FID4056],Enabled,---,---,---,---,---,---
300234068214330,USCG_2 8214330,SO10188 - EXPIRY APR 2022,MetOcean I-SLDMB-FAT-AS [FID4056],Enabled,---,---,---,---,---,---
300234068215250,USCG_2 8215250,SO10188 - EXPIRY APR 2022,MetOcean I-SLDMB-FAT-AS [FID4056],Enabled,---,---,---,---,---,---
300234068215330,USCG_2 8215330,SO10188 - EXPIRY APR 2022,MetOcean I-SLDMB-FAT-AS [FID4056],Enabled,---,---,---,---,---,---
300234068216220,USCG_2 8216220,SO10188 - EXPIRY APR 2022,MetOcean I-SLDMB-FAT-AS [FID4056],Enabled,---,---,---,---,---,---
300234068218340,USCG_2 8218340,SO10188 - EXPIRY APR 2022,MetOcean I-SLDMB-FAT-AS [FID4056],Enabled,---,---,---,---,---,---
300234068536370,USCG_2 8536370,SO10358 - EXPIRY JUNE 2022,MetOcean I-SLDMB-FAT-AS [FID4056],Enabled,---,---,---,---,---,---
300234068630700,USCG_2 8630700,SO10358 - EXPIRY JUNE 2022,MetOcean I-SLDMB-FAT-AS [FID4056],Enabled,---,---,---,---,---,---
300234068630840,USCG_2 8630840,SO10358 - EXPIRY JUNE 2022,MetOcean I-SLDMB-FAT-AS [FID4056],Enabled,---,---,---,---,---,---
300234068634690,USCG_2 8634690,SO10358 - EXPIRY JUNE 2022,MetOcean I-SLDMB-FAT-AS [FID4056],Enabled,---,---,---,---,---,---
300234068634720,USCG_2 8634720,SO10358 - EXPIRY JUNE 2022,MetOcean I-SLDMB-FAT-AS [FID4056],Enabled,---,---,---,---,---,---
300234068634870,USCG_2 8634870,SO10358 - EXPIRY JUNE 2022,MetOcean I-SLDMB-FAT-AS [FID4056],Enabled,---,---,---,---,---,---
300234068636700,USCG_2 8636700,SO10358 - EXPIRY JUNE 2022,MetOcean I-SLDMB-FAT-AS [FID4056],Enabled,---,---,---,---,---,---
300234068636710,USCG_2 8636710,SO10358 - EXPIRY JUNE 2022,MetOcean I-SLDMB-FAT-AS [FID4056],Enabled,---,---,---,---,---,---
300234068730500,USCG_2 8730500,SO10358 - EXPIRY JUNE 2022,MetOcean I-SLDMB-FAT-AS [FID4056],Enabled,---,---,---,---,---,---
300234068732490,USCG_2 8732490,SO10358 - EXPIRY JUNE 2022,MetOcean I-SLDMB-FAT-AS [FID4056],Enabled,---,---,---,---,---,---
300234068735400,USCG_2 8735400,SO10358 - EXPIRY JUNE 2022,MetOcean I-SLDMB-FAT-AS [FID4056],Enabled,---,---,---,---,---,---
300234068737450,USCG_2 8737450,SO10358 - EXPIRY JUNE 2022,MetOcean I-SLDMB-FAT-AS [FID4056],Enabled,---,---,---,---,---,---
300234068739460,USCG_2 8739460,SO10358 - EXPIRY JUNE 2022,MetOcean I-SLDMB-FAT-AS [FID4056],Enabled,---,---,---,---,---,---
300234068212760,USCG_2 8212760,SO10404 - EXPIRY AUG 2022,MetOcean I-SLDMB-FAT-AS [FID4056],Enabled,---,---,---,---,---,---
300234068214780,USCG_2 8214780,SO10404 - EXPIRY AUG 2022,MetOcean I-SLDMB-FAT-AS [FID4056],Enabled,---,---,---,---,---,---
300234068215870,USCG_2 8215870,SO10404 - EXPIRY AUG 2022,MetOcean I-SLDMB-FAT-AS [FID4056],Enabled,---,---,---,---,---,---
300234068216770,USCG_2 8216770,SO10404 - EXPIRY AUG 2022,MetOcean I-SLDMB-FAT-AS [FID4056],Enabled,---,---,---,---,---,---
300234068217800,USCG_2 8217800,SO10404 - EXPIRY AUG 2022,MetOcean I-SLDMB-FAT-AS [FID4056],Enabled,---,---,---,---,---,---
300234068218740,USCG_2 8218740,SO10404 - EXPIRY AUG 2022,MetOcean I-SLDMB-FAT-AS [FID4056],Enabled,---,---,---,---,---,---
300234068219790,USCG_2 8219790,SO10404 - EXPIRY AUG 2022,MetOcean I-SLDMB-FAT-AS [FID4056],Enabled,---,---,---,---,---,---
300234068219870,USCG_2 8219870,SO10404 - EXPIRY AUG 2022,MetOcean I-SLDMB-FAT-AS [FID4056],Enabled,---,---,---,---,---,---
300234068312590,USCG_2 8312590,SO10404 - EXPIRY AUG 2022,MetOcean I-SLDMB-FAT-AS [FID4056],Enabled,---,---,---,---,---,---
300234068314570,USCG_2 8314570,SO10404 - EXPIRY AUG 2022,MetOcean I-SLDMB-FAT-AS [FID4056],Enabled,---,---,---,---,---,---
300234068315380,USCG_2 8315380,SO10404 - EXPIRY AUG 2022,MetOcean I-SLDMB-FAT-AS [FID4056],Enabled,---,---,---,---,---,---
300234068316410,USCG_2 8316410,SO10404 - EXPIRY AUG 2022,MetOcean I-SLDMB-FAT-AS [FID4056],Enabled,---,---,---,---,---,---
300234068316560,USCG_2 8316560,SO10404 - EXPIRY AUG 2022,MetOcean I-SLDMB-FAT-AS [FID4056],Enabled,---,---,---,---,---,---
300234068317410,USCG_2 8317410,SO10404 - EXPIRY AUG 2022,MetOcean I-SLDMB-FAT-AS [FID4056],Enabled,---,---,---,---,---,---
300234068318450,USCG_2 8318450,SO10404 - EXPIRY AUG 2022,MetOcean I-SLDMB-FAT-AS [FID4056],Enabled,---,---,---,---,---,---
300234068633960,USCG_2 8633960,SO10404 - EXPIRY AUG 2022,MetOcean I-SLDMB-FAT-AS [FID4056],Enabled,---,---,---,---,---,---
300234068735470,USCG_2 8735470,SO10404 - EXPIRY AUG 2022,MetOcean I-SLDMB-FAT-AS [FID4056],Enabled,---,---,---,---,---,---
300234068736500,USCG_2 8736500,SO10404 - EXPIRY AUG 2022,MetOcean I-SLDMB-FAT-AS [FID4056],Enabled,---,---,---,---,---,---
300234068738490,USCG_2 8738490,SO10404 - EXPIRY AUG 2022,MetOcean I-SLDMB-FAT-AS [FID4056],Enabled,---,---,---,---,---,---
300234068738500,USCG_2 8738500,SO10404 - EXPIRY AUG 2022,MetOcean I-SLDMB-FAT-AS [FID4056],Enabled,---,---,---,---,---,---
300234068739470,USCG_2 8739470,SO10404 - EXPIRY AUG 2022,MetOcean I-SLDMB-FAT-AS [FID4056],Enabled,---,---,---,---,---,---
300234067060450,USCG_2 7060450,SO10790 - EXPIRY AUG 2022,MetOcean I-SLDMB-FAT-AS [FID4056],Enabled,---,---,---,---,---,---
300234067062440,USCG_2 7062440,SO10790 - EXPIRY AUG 2022,MetOcean I-SLDMB-FAT-AS [FID4056],Enabled,---,---,---,---,---,---
300234067064480,USCG_2 7064480,SO10790 - EXPIRY AUG 2022,MetOcean I-SLDMB-FAT-AS [FID4056],Enabled,---,---,---,---,---,---
300234067065230,USCG_2 7065230,SO10790 - EXPIRY AUG 2022,MetOcean I-SLDMB-FAT-AS [FID4056],Enabled,---,---,---,---,---,---
300234067065410,USCG_2 7065410,SO10790 - EXPIRY AUG 2022,MetOcean I-SLDMB-FAT-AS [FID4056],Enabled,---,---,---,---,---,---
300234067067490,USCG_2 7067490,SO10790 - EXPIRY AUG 2022,MetOcean I-SLDMB-FAT-AS [FID4056],Enabled,---,---,---,---,---,---
300234067068210,USCG_2 7068210,SO10790 - EXPIRY AUG 2022,MetOcean I-SLDMB-FAT-AS [FID4056],Enabled,---,---,---,---,---,---
300234067068470,USCG_2 7068470,SO10790 - EXPIRY AUG 2022,MetOcean I-SLDMB-FAT-AS [FID4056],Enabled,---,---,---,---,---,---
300234067068480,USCG_2 7068480,SO10790 - EXPIRY AUG 2022,MetOcean I-SLDMB-FAT-AS [FID4056],Enabled,---,---,---,---,---,---
300234067069410,USCG_2 7069410,SO10790 - EXPIRY AUG 2022,MetOcean I-SLDMB-FAT-AS [FID4056],Enabled,---,---,---,---,---,---
300234067069430,USCG_2 7069430,SO10790 - EXPIRY AUG 2022,MetOcean I-SLDMB-FAT-AS [FID4056],Enabled,---,---,---,---,---,---
300234067069450,USCG_2 7069450,SO10790 - EXPIRY AUG 2022,MetOcean I-SLDMB-FAT-AS [FID4056],Enabled,---,---,---,---,---,---
300234068650740,USCG_2 8650740,SO10791 - EXPIRY SEPT 2022,MetOcean I-SLDMB-FAT-AS [FID4056],Enabled,---,---,---,---,---,---
300234068650760,USCG_2 8650760,SO10791 - EXPIRY SEPT 2022,MetOcean I-SLDMB-FAT-AS [FID4056],Enabled,---,---,---,---,---,---
300234068651760,USCG_2 8651760,SO10791 - EXPIRY SEPT 2022,MetOcean I-SLDMB-FAT-AS [FID4056],Enabled,---,---,---,---,---,---
300234068652060,USCG_2 8652060,SO10791 - EXPIRY SEPT 2022,MetOcean I-SLDMB-FAT-AS [FID4056],Enabled,---,---,---,---,---,---
300234068653080,USCG_2 8653080,SO10791 - EXPIRY SEPT 2022,MetOcean I-SLDMB-FAT-AS [FID4056],Enabled,---,---,---,---,---,---
300234068653480,USCG_2 8653480,SO10791 - EXPIRY SEPT 2022,MetOcean I-SLDMB-FAT-AS [FID4056],Enabled,---,---,---,---,---,---
300234068650680,USCG_2 8650680,SO10792 - EXPIRY OCT 2022,MetOcean I-SLDMB-FAT-AS [FID4056],Enabled,---,---,---,---,---,---
300234068650800,USCG_2 8650800,SO10792 - EXPIRY OCT 2022,MetOcean I-SLDMB-FAT-AS [FID4056],Enabled,---,---,---,---,---,---
300234068650810,USCG_2 8650810,SO10792 - EXPIRY OCT 2022,MetOcean I-SLDMB-FAT-AS [FID4056],Enabled,---,---,---,---,---,---
300234068651450,USCG_2 8651450,SO10792 - EXPIRY OCT 2022,MetOcean I-SLDMB-FAT-AS [FID4056],Enabled,---,---,---,---,---,---
300234068651670,USCG_2 8651670,SO10792 - EXPIRY OCT 2022,MetOcean I-SLDMB-FAT-AS [FID4056],Enabled,---,---,---,---,---,---
300234068651720,USCG_2 8651720,SO10792 - EXPIRY OCT 2022,MetOcean I-SLDMB-FAT-AS [FID4056],Enabled,---,---,---,---,---,---
300234068651790,USCG_2 8651790,SO10792 - EXPIRY OCT 2022,MetOcean I-SLDMB-FAT-AS [FID4056],Enabled,---,---,---,---,---,---
300234068651800,USCG_2 8651800,SO10792 - EXPIRY OCT 2022,MetOcean I-SLDMB-FAT-AS [FID4056],Enabled,---,---,---,---,---,---
300234068651810,USCG_2 8651810,SO10792 - EXPIRY OCT 2022,MetOcean I-SLDMB-FAT-AS [FID4056],Enabled,---,---,---,---,---,---
300234068652730,USCG_2 8652730,SO10792 - EXPIRY OCT 2022,MetOcean I-SLDMB-FAT-AS [FID4056],Enabled,---,---,---,---,---,---
300234068652790,USCG_2 8652790,SO10792 - EXPIRY OCT 2022,MetOcean I-SLDMB-FAT-AS [FID4056],Enabled,---,---,---,---,---,---
300234068652800,USCG_2 8652800,SO10792 - EXPIRY OCT 2022,MetOcean I-SLDMB-FAT-AS [FID4056],Enabled,---,---,---,---,---,---
300234068655640,USCG_2 8655640,SO10792 - EXPIRY OCT 2022,MetOcean I-SLDMB-FAT-AS [FID4056],Enabled,---,---,---,---,---,---
300234068655730,USCG_2 8655730,SO10792 - EXPIRY OCT 2022,MetOcean I-SLDMB-FAT-AS [FID4056],Enabled,---,---,---,---,---,---
300234068655740,USCG_2 8655740,SO10792 - EXPIRY OCT 2022,MetOcean I-SLDMB-FAT-AS [FID4056],Enabled,---,---,---,---,---,---
300234068655750,USCG_2 8655750,SO10792 - EXPIRY OCT 2022,MetOcean I-SLDMB-FAT-AS [FID4056],Enabled,---,---,---,---,---,---
300234068656740,USCG_2 8656740,SO10792 - EXPIRY OCT 2022,MetOcean I-SLDMB-FAT-AS [FID4056],Enabled,---,---,---,---,---,---
300234068656750,USCG_2 8656750,SO10792 - EXPIRY OCT 2022,MetOcean I-SLDMB-FAT-AS [FID4056],Enabled,---,---,---,---,---,---
300234068656760,USCG_2 8656760,SO10792 - EXPIRY OCT 2022,MetOcean I-SLDMB-FAT-AS [FID4056],Enabled,---,---,---,---,---,---
300234068657440,USCG_2 8657440,SO10792 - EXPIRY OCT 2022,MetOcean I-SLDMB-FAT-AS [FID4056],Enabled,---,---,---,---,---,---
300234068657460,USCG_2 8657460,SO10792 - EXPIRY OCT 2022,MetOcean I-SLDMB-FAT-AS [FID4056],Enabled,---,---,---,---,---,---
300234068657470,USCG_2 8657470,SO10792 - EXPIRY OCT 2022,MetOcean I-SLDMB-FAT-AS [FID4056],Enabled,---,---,---,---,---,---
300234068657700,USCG_2 8657700,SO10792 - EXPIRY OCT 2022,MetOcean I-SLDMB-FAT-AS [FID4056],Enabled,---,---,---,---,---,---
300234068657750,USCG_2 8657750,SO10792 - EXPIRY OCT 2022,MetOcean I-SLDMB-FAT-AS [FID4056],Enabled,---,---,---,---,---,---
300234068658210,USCG_2 8658210,SO10792 - EXPIRY OCT 2022,MetOcean I-SLDMB-FAT-AS [FID4056],Enabled,---,---,---,---,---,---
300234068658470,USCG_2 8658470,SO10792 - EXPIRY OCT 2022,MetOcean I-SLDMB-FAT-AS [FID4056],Enabled,---,---,---,---,---,---
300234068658630,USCG_2 8658630,SO10792 - EXPIRY OCT 2022,MetOcean I-SLDMB-FAT-AS [FID4056],Enabled,---,---,---,---,---,---
300234068658740,USCG_2 8658740,SO10792 - EXPIRY OCT 2022,MetOcean I-SLDMB-FAT-AS [FID4056],Enabled,---,---,---,---,---,---
300234068659030,USCG_2 8659030,SO10792 - EXPIRY OCT 2022,MetOcean I-SLDMB-FAT-AS [FID4056],Enabled,---,---,---,---,---,---
300234068659070,USCG_2 8659070,SO10792 - EXPIRY OCT 2022,MetOcean I-SLDMB-FAT-AS [FID4056],Enabled,---,---,---,---,---,---
300234068659210,USCG_2 8659210,SO10792 - EXPIRY OCT 2022,MetOcean I-SLDMB-FAT-AS [FID4056],Enabled,---,---,---,---,---,---
300234068659460,USCG_2 8659460,SO10792 - EXPIRY OCT 2022,MetOcean I-SLDMB-FAT-AS [FID4056],Enabled,---,---,---,---,---,---
300234068659730,USCG_2 8659730,SO10792 - EXPIRY OCT 2022,MetOcean I-SLDMB-FAT-AS [FID4056],Enabled,---,---,---,---,---,---
300234067061380,USCG_2 7061380,SO10867 - EXPIRY DEC 2022,MetOcean I-SLDMB-FAT-AS [FID4056],Enabled,---,---,---,---,---,---
300234067062380,USCG_2 7062380,SO10867 - EXPIRY DEC 2022,MetOcean I-SLDMB-FAT-AS [FID4056],Enabled,---,---,---,---,---,---
300234067063410,USCG_2 7063410,SO10867 - EXPIRY DEC 2022,MetOcean I-SLDMB-FAT-AS [FID4056],Enabled,---,---,---,---,---,---
300234067064400,USCG_2 7064400,SO10867 - EXPIRY DEC 2022,MetOcean I-SLDMB-FAT-AS [FID4056],Enabled,---,---,---,---,---,---
300234067065390,USCG_2 7065390,SO10867 - EXPIRY DEC 2022,MetOcean I-SLDMB-FAT-AS [FID4056],Enabled,---,---,---,---,---,---
300234067066310,USCG_2 7066310,SO10867 - EXPIRY DEC 2022,MetOcean I-SLDMB-FAT-AS [FID4056],Enabled,---,---,---,---,---,---
300234068570630,USCG_2 8570630,SO10867 - EXPIRY DEC 2022,MetOcean I-SLDMB-FAT-AS [FID4056],Enabled,---,---,---,---,---,---
300234068570640,USCG_2 8570640,SO10867 - EXPIRY DEC 2022,MetOcean I-SLDMB-FAT-AS [FID4056],Enabled,---,---,---,---,---,---
300234068570650,USCG_2 8570650,SO10867 - EXPIRY DEC 2022,MetOcean I-SLDMB-FAT-AS [FID4056],Enabled,---,---,---,---,---,---
300234068570730,USCG_2 8570730,SO10867 - EXPIRY DEC 2022,MetOcean I-SLDMB-FAT-AS [FID4056],Enabled,---,---,---,---,---,---
300234068570760,USCG_2 8570760,SO10867 - EXPIRY DEC 2022,MetOcean I-SLDMB-FAT-AS [FID4056],Enabled,---,---,---,---,---,---
300234068570860,USCG_2 8570860,SO10867 - EXPIRY DEC 2022,MetOcean I-SLDMB-FAT-AS [FID4056],Enabled,---,---,---,---,---,---
300234068570960,USCG_2 8570960,SO10867 - EXPIRY DEC 2022,MetOcean I-SLDMB-FAT-AS [FID4056],Enabled,---,---,---,---,---,---
300234068571620,USCG_2 8571620,SO10867 - EXPIRY DEC 2022,MetOcean I-SLDMB-FAT-AS [FID4056],Enabled,---,---,---,---,---,---
300234068571640,USCG_2 8571640,SO10867 - EXPIRY DEC 2022,MetOcean I-SLDMB-FAT-AS [FID4056],Enabled,---,---,---,---,---,---
300234068571690,USCG_2 8571690,SO10867 - EXPIRY DEC 2022,MetOcean I-SLDMB-FAT-AS [FID4056],Enabled,---,---,---,---,---,---
300234068572710,USCG_2 8572710,SO10867 - EXPIRY DEC 2022,MetOcean I-SLDMB-FAT-AS [FID4056],Enabled,---,---,---,---,---,---
300234068573650,USCG_2 8573650,SO10867 - EXPIRY DEC 2022,MetOcean I-SLDMB-FAT-AS [FID4056],Enabled,---,---,---,---,---,---
300234068573760,USCG_2 8573760,SO10867 - EXPIRY DEC 2022,MetOcean I-SLDMB-FAT-AS [FID4056],Enabled,---,---,---,---,---,---
300234068573950,USCG_2 8573950,SO10867 - EXPIRY DEC 2022,MetOcean I-SLDMB-FAT-AS [FID4056],Enabled,---,---,---,---,---,---
300234068574620,USCG_2 8574620,SO10867 - EXPIRY DEC 2022,MetOcean I-SLDMB-FAT-AS [FID4056],Enabled,---,---,---,---,---,---
300234068574640,USCG_2 8574640,SO10867 - EXPIRY DEC 2022,MetOcean I-SLDMB-FAT-AS [FID4056],Enabled,---,---,---,---,---,---
300234068574750,USCG_2 8574750,SO10867 - EXPIRY DEC 2022,MetOcean I-SLDMB-FAT-AS [FID4056],Enabled,---,---,---,---,---,---
300234068574760,USCG_2 8574760,SO10867 - EXPIRY DEC 2022,MetOcean I-SLDMB-FAT-AS [FID4056],Enabled,---,---,---,---,---,---
300234068574930,USCG_2 8574930,SO10867 - EXPIRY DEC 2022,MetOcean I-SLDMB-FAT-AS [FID4056],Enabled,---,---,---,---,---,---
300234068575680,USCG_2 8575680,SO10867 - EXPIRY DEC 2022,MetOcean I-SLDMB-FAT-AS [FID4056],Enabled,---,---,---,---,---,---
300234068575750,USCG_2 8575750,SO10867 - EXPIRY DEC 2022,MetOcean I-SLDMB-FAT-AS [FID4056],Enabled,---,---,---,---,---,---
300234068576760,USCG_2 8576760,SO10867 - EXPIRY DEC 2022,MetOcean I-SLDMB-FAT-AS [FID4056],Enabled,---,---,---,---,---,---
300234068577930,USCG_2 8577930,SO10867 - EXPIRY DEC 2022,MetOcean I-SLDMB-FAT-AS [FID4056],Enabled,---,---,---,---,---,---
300234068579650,USCG_2 8579650,SO10867 - EXPIRY DEC 2022,MetOcean I-SLDMB-FAT-AS [FID4056],Enabled,---,---,---,---,---,---
300234068579740,USCG_2 8579740,SO10867 - EXPIRY DEC 2022,MetOcean I-SLDMB-FAT-AS [FID4056],Enabled,---,---,---,---,---,---
300234068579750,USCG_2 8579750,SO10867 - EXPIRY DEC 2022,MetOcean I-SLDMB-FAT-AS [FID4056],Enabled,---,---,---,---,---,---
300234068674140,USCG_2 8674140,SO10867 - EXPIRY DEC 2022,MetOcean I-SLDMB-FAT-AS [FID4056],Enabled,---,---,---,---,---,---
300534060511770,USCG_2 0511770,SO10868 - EXPIRY DEC 2022,MetOcean I-SLDMB-FAT-AS [FID4056],Enabled,---,---,---,---,---,---
300534060511800,USCG_2 0511800,SO10868 - EXPIRY DEC 2022,MetOcean I-SLDMB-FAT-AS [FID4056],Enabled,---,---,---,---,---,---
300534060512930,USCG_2 0512930,SO10868 - EXPIRY DEC 2022,MetOcean I-SLDMB-FAT-AS [FID4056],Enabled,---,---,---,---,---,---
300534060513810,USCG_2 0513810,SO10868 - EXPIRY DEC 2022,MetOcean I-SLDMB-FAT-AS [FID4056],Enabled,---,---,---,---,---,---
300534060514790,USCG_2 0514790,SO10868 - EXPIRY DEC 2022,MetOcean I-SLDMB-FAT-AS [FID4056],Enabled,---,---,---,---,---,---
300534060514800,USCG_2 0514800,SO10868 - EXPIRY DEC 2022,MetOcean I-SLDMB-FAT-AS [FID4056],Enabled,---,---,---,---,---,---
300534060515790,USCG_2 0515790,SO10868 - EXPIRY DEC 2022,MetOcean I-SLDMB-FAT-AS [FID4056],Enabled,---,---,---,---,---,---
300534060516780,USCG_2 0516780,SO10868 - EXPIRY DEC 2022,MetOcean I-SLDMB-FAT-AS [FID4056],Enabled,---,---,---,---,---,---
300534060517790,USCG_2 0517790,SO10868 - EXPIRY DEC 2022,MetOcean I-SLDMB-FAT-AS [FID4056],Enabled,---,---,---,---,---,---
300534060518770,USCG_2 0518770,SO10868 - EXPIRY DEC 2022,MetOcean I-SLDMB-FAT-AS [FID4056],Enabled,---,---,---,---,---,---
300534060518780,USCG_2 0518780,SO10868 - EXPIRY DEC 2022,MetOcean I-SLDMB-FAT-AS [FID4056],Enabled,---,---,---,---,---,---
300534060519770,USCG_2 0519770,SO10868 - EXPIRY DEC 2022,MetOcean I-SLDMB-FAT-AS [FID4056],Enabled,---,---,---,---,---,---
300534060610600,USCG_2 0610600,SO10868 - EXPIRY DEC 2022,MetOcean I-SLDMB-FAT-AS [FID4056],Enabled,---,---,---,---,---,---
300534060611590,USCG_2 0611590,SO10868 - EXPIRY DEC 2022,MetOcean I-SLDMB-FAT-AS [FID4056],Enabled,---,---,---,---,---,---
300534060611620,USCG_2 0611620,SO10868 - EXPIRY DEC 2022,MetOcean I-SLDMB-FAT-AS [FID4056],Enabled,---,---,---,---,---,---
300534060612520,USCG_2 0612520,SO10868 - EXPIRY DEC 2022,MetOcean I-SLDMB-FAT-AS [FID4056],Enabled,---,---,---,---,---,---
300534060612590,USCG_2 0612590,SO10868 - EXPIRY DEC 2022,MetOcean I-SLDMB-FAT-AS [FID4056],Enabled,---,---,---,---,---,---
300534060612620,USCG_2 0612620,SO10868 - EXPIRY DEC 2022,MetOcean I-SLDMB-FAT-AS [FID4056],Enabled,---,---,---,---,---,---
300534060613580,USCG_2 0613580,SO10868 - EXPIRY DEC 2022,MetOcean I-SLDMB-FAT-AS [FID4056],Enabled,---,---,---,---,---,---
300534060613620,USCG_2 0613620,SO10868 - EXPIRY DEC 2022,MetOcean I-SLDMB-FAT-AS [FID4056],Enabled,---,---,---,---,---,---
300534060614580,USCG_2 0614580,SO10868 - EXPIRY DEC 2022,MetOcean I-SLDMB-FAT-AS [FID4056],Enabled,---,---,---,---,---,---
300534060616600,USCG_2 0616600,SO10868 - EXPIRY DEC 2022,MetOcean I-SLDMB-FAT-AS [FID4056],Enabled,---,---,---,---,---,---
300534060616610,USCG_2 0616610,SO10868 - EXPIRY DEC 2022,MetOcean I-SLDMB-FAT-AS [FID4056],Enabled,---,---,---,---,---,---
300534060617590,USCG_2 0617590,SO10868 - EXPIRY DEC 2022,MetOcean I-SLDMB-FAT-AS [FID4056],Enabled,---,---,---,---,---,---
300534060618590,USCG_2 0618590,SO10868 - EXPIRY DEC 2022,MetOcean I-SLDMB-FAT-AS [FID4056],Enabled,---,---,---,---,---,---
300534060618600,USCG_2 0618600,SO10868 - EXPIRY DEC 2022,MetOcean I-SLDMB-FAT-AS [FID4056],Enabled,---,---,---,---,---,---
300534060619590,USCG_2 0619590,SO10868 - EXPIRY DEC 2022,MetOcean I-SLDMB-FAT-AS [FID4056],Enabled,---,---,---,---,---,---
300534060810010,USCG_2 0810010,SO10868 - EXPIRY DEC 2022,MetOcean I-SLDMB-FAT-AS [FID4056],Enabled,---,---,---,---,---,---
300534060811000,USCG_2 0811000,SO10868 - EXPIRY DEC 2022,MetOcean I-SLDMB-FAT-AS [FID4056],Enabled,---,---,---,---,---,---
300534060818000,USCG_2 0818000,SO10868 - EXPIRY DEC 2022,MetOcean I-SLDMB-FAT-AS [FID4056],Enabled,---,---,---,---,---,---
300534060711080,USCG_2 0711080,SO11044 - EXPIRY DEC 2022,MetOcean I-SLDMB-FAT-AS [FID4056],Enabled,---,---,---,---,---,---
300534060711180,USCG_2 0711180,SO11044 - EXPIRY DEC 2022,MetOcean I-SLDMB-FAT-AS [FID4056],Enabled,---,---,---,---,---,---
300534060712160,USCG_2 0712160,SO11044 - EXPIRY DEC 2022,MetOcean I-SLDMB-FAT-AS [FID4056],Enabled,---,---,---,---,---,---
300534060712180,USCG_2 0712180,SO11044 - EXPIRY DEC 2022,MetOcean I-SLDMB-FAT-AS [FID4056],Enabled,---,---,---,---,---,---
300534060713150,USCG_2 0713150,SO11044 - EXPIRY DEC 2022,MetOcean I-SLDMB-FAT-AS [FID4056],Enabled,---,---,---,---,---,---
300534060713160,USCG_2 0713160,SO11044 - EXPIRY DEC 2022,MetOcean I-SLDMB-FAT-AS [FID4056],Enabled,---,---,---,---,---,---
300534060713170,USCG_2 0713170,SO11044 - EXPIRY DEC 2022,MetOcean I-SLDMB-FAT-AS [FID4056],Enabled,---,---,---,---,---,---
300534060714060,USCG_2 0714060,SO11044 - EXPIRY DEC 2022,MetOcean I-SLDMB-FAT-AS [FID4056],Enabled,---,---,---,---,---,---
300534060714150,USCG_2 0714150,SO11044 - EXPIRY DEC 2022,MetOcean I-SLDMB-FAT-AS [FID4056],Enabled,---,---,---,---,---,---
300534060714160,USCG_2 0714160,SO11044 - EXPIRY DEC 2022,MetOcean I-SLDMB-FAT-AS [FID4056],Enabled,---,---,---,---,---,---
300534060714170,USCG_2 0714170,SO11044 - EXPIRY DEC 2022,MetOcean I-SLDMB-FAT-AS [FID4056],Enabled,---,---,---,---,---,---
300534060715260,USCG_2 0715260,SO11044 - EXPIRY DEC 2022,MetOcean I-SLDMB-FAT-AS [FID4056],Enabled,---,---,---,---,---,---
300534060716150,USCG_2 0716150,SO11044 - EXPIRY DEC 2022,MetOcean I-SLDMB-FAT-AS [FID4056],Enabled,---,---,---,---,---,---
300534060716500,USCG_2 0716500,SO11044 - EXPIRY DEC 2022,MetOcean I-SLDMB-FAT-AS [FID4056],Enabled,---,---,---,---,---,---
300534060717500,USCG_2 0717500,SO11044 - EXPIRY DEC 2022,MetOcean I-SLDMB-FAT-AS [FID4056],Enabled,---,---,---,---,---,---
300534060718070,USCG_2 0718070,SO11044 - EXPIRY DEC 2022,MetOcean I-SLDMB-FAT-AS [FID4056],Enabled,---,---,---,---,---,---
300534060718150,USCG_2 0718150,SO11044 - EXPIRY DEC 2022,MetOcean I-SLDMB-FAT-AS [FID4056],Enabled,---,---,---,---,---,---
300534060813010,USCG_2 0813010,SO11044 - EXPIRY DEC 2022,MetOcean I-SLDMB-FAT-AS [FID4056],Enabled,---,---,---,---,---,---
300534060817110,USCG_2 0817110,SO11044 - EXPIRY DEC 2022,MetOcean I-SLDMB-FAT-AS [FID4056],Enabled,---,---,---,---,---,---
300234068654750,USCG_2 8654750,SO11081 - EXPIRY OCT 2022,MetOcean I-SLDMB-FAT-AS [FID4056],Enabled,---,---,---,---,---,---
300234068654800,USCG_2 8654800,SO11081 - EXPIRY OCT 2022,MetOcean I-SLDMB-FAT-AS [FID4056],Enabled,---,---,---,---,---,---
300234068655460,USCG_2 8655460,SO11081 - EXPIRY OCT 2022,MetOcean I-SLDMB-FAT-AS [FID4056],Enabled,---,---,---,---,---,---
300234068656450,USCG_2 8656450,SO11081 - EXPIRY OCT 2022,MetOcean I-SLDMB-FAT-AS [FID4056],Enabled,---,---,---,---,---,---
300234068656460,USCG_2 8656460,SO11081 - EXPIRY OCT 2022,MetOcean I-SLDMB-FAT-AS [FID4056],Enabled,---,---,---,---,---,---
300234068656800,USCG_2 8656800,SO11081 - EXPIRY OCT 2022,MetOcean I-SLDMB-FAT-AS [FID4056],Enabled,---,---,---,---,---,---
300234068656810,USCG_2 8656810,SO11081 - EXPIRY OCT 2022,MetOcean I-SLDMB-FAT-AS [FID4056],Enabled,---,---,---,---,---,---
300234068657720,USCG_2 8657720,SO11081 - EXPIRY OCT 2022,MetOcean I-SLDMB-FAT-AS [FID4056],Enabled,---,---,---,---,---,---
300234068657730,USCG_2 8657730,SO11081 - EXPIRY OCT 2022,MetOcean I-SLDMB-FAT-AS [FID4056],Enabled,---,---,---,---,---,---
300234068658650,USCG_2 8658650,SO11081 - EXPIRY OCT 2022,MetOcean I-SLDMB-FAT-AS [FID4056],Enabled,---,---,---,---,---,---
300234068659440,USCG_2 8659440,SO11081 - EXPIRY OCT 2022,MetOcean I-SLDMB-FAT-AS [FID4056],Enabled,---,---,---,---,---,---
300234068659650,USCG_2 8659650,SO11081 - EXPIRY OCT 2022,MetOcean I-SLDMB-FAT-AS [FID4056],Enabled,---,---,---,---,---,---
300234068659660,USCG_2 8659660,SO11081 - EXPIRY OCT 2022,MetOcean I-SLDMB-FAT-AS [FID4056],Enabled,---,---,---,---,---,---
300534060380010,USCG 0380010,SO11709 - EXPIRY APRIL 2023,MetOcean I-SLDMB-FAT-AS [FID4056],Enabled,---,---,---,---,---,---
300534060380020,USCG 0380020,SO11709 - EXPIRY APRIL 2023,MetOcean I-SLDMB-FAT-AS [FID4056],Enabled,---,---,---,---,---,---
300534060380030,USCG 0380030,SO11709 - EXPIRY APRIL 2023,MetOcean I-SLDMB-FAT-AS [FID4056],Enabled,---,---,---,---,---,---
300534060380050,USCG 0380050,SO11709 - EXPIRY APRIL 2023,MetOcean I-SLDMB-FAT-AS [FID4056],Enabled,---,---,---,---,---,---
300534060380460,USCG 0380460,SO11709 - EXPIRY APRIL 2023,MetOcean I-SLDMB-FAT-AS [FID4056],Enabled,---,---,---,---,---,---
300534060380560,USCG 0380560,SO11709 - EXPIRY APRIL 2023,MetOcean I-SLDMB-FAT-AS [FID4056],Enabled,---,---,---,---,---,---
300534060380570,USCG 0380570,SO11709 - EXPIRY APRIL 2023,MetOcean I-SLDMB-FAT-AS [FID4056],Enabled,---,---,---,---,---,---
300534060380610,USCG 0380610,SO11709 - EXPIRY APRIL 2023,MetOcean I-SLDMB-FAT-AS [FID4056],Enabled,---,---,---,---,---,---
300534060380860,USCG 0380860,SO11709 - EXPIRY APRIL 2023,MetOcean I-SLDMB-FAT-AS [FID4056],Enabled,---,---,---,---,---,---
300534060380880,USCG 0380880,SO11709 - EXPIRY APRIL 2023,MetOcean I-SLDMB-FAT-AS [FID4056],Enabled,---,---,---,---,---,---
300534060380890,USCG 0380890,SO11709 - EXPIRY APRIL 2023,MetOcean I-SLDMB-FAT-AS [FID4056],Enabled,---,---,---,---,---,---
300534060381040,USCG 0381040,SO11709 - EXPIRY APRIL 2023,MetOcean I-SLDMB-FAT-AS [FID4056],Enabled,---,---,---,---,---,---
300534060381050,USCG 0381050,SO11709 - EXPIRY APRIL 2023,MetOcean I-SLDMB-FAT-AS [FID4056],Enabled,---,---,---,---,---,---
300534060381300,USCG 0381300,SO11709 - EXPIRY APRIL 2023,MetOcean I-SLDMB-FAT-AS [FID4056],Enabled,---,---,---,---,---,---
300534060381360,USCG 0381360,SO11709 - EXPIRY APRIL 2023,MetOcean I-SLDMB-FAT-AS [FID4056],Enabled,---,---,---,---,---,---
300534060381420,USCG 0381420,SO11709 - EXPIRY APRIL 2023,MetOcean I-SLDMB-FAT-AS [FID4056],Enabled,---,---,---,---,---,---
300534060381450,USCG 0381450,SO11709 - EXPIRY APRIL 2023,MetOcean I-SLDMB-FAT-AS [FID4056],Enabled,---,---,---,---,---,---
300534060381460,USCG 0381460,SO11709 - EXPIRY APRIL 2023,MetOcean I-SLDMB-FAT-AS [FID4056],Enabled,---,---,---,---,---,---
300534060381530,USCG 0381530,SO11709 - EXPIRY APRIL 2023,MetOcean I-SLDMB-FAT-AS [FID4056],Enabled,---,---,---,---,---,---
300534060381560,USCG 0381560,SO11709 - EXPIRY APRIL 2023,MetOcean I-SLDMB-FAT-AS [FID4056],Enabled,---,---,---,---,---,---
300534060382230,USCG 0382230,SO11709 - EXPIRY APRIL 2023,MetOcean I-SLDMB-FAT-AS [FID4056],Enabled,---,---,---,---,---,---
300534060382250,USCG 0382250,SO11709 - EXPIRY APRIL 2023,MetOcean I-SLDMB-FAT-AS [FID4056],Enabled,---,---,---,---,---,---
300534060382430,USCG 0382430,SO11709 - EXPIRY APRIL 2023,MetOcean I-SLDMB-FAT-AS [FID4056],Enabled,---,---,---,---,---,---
300534060382440,USCG 0382440,SO11709 - EXPIRY APRIL 2023,MetOcean I-SLDMB-FAT-AS [FID4056],Enabled,---,---,---,---,---,---
300534060382450,USCG 0382450,SO11709 - EXPIRY APRIL 2023,MetOcean I-SLDMB-FAT-AS [FID4056],Enabled,---,---,---,---,---,---
300534060382550,USCG 0382550,SO11709 - EXPIRY APRIL 2023,MetOcean I-SLDMB-FAT-AS [FID4056],Enabled,---,---,---,---,---,---
300534060382580,USCG 0382580,SO11709 - EXPIRY APRIL 2023,MetOcean I-SLDMB-FAT-AS [FID4056],Enabled,---,---,---,---,---,---
300534060382600,USCG 0382600,SO11709 - EXPIRY APRIL 2023,MetOcean I-SLDMB-FAT-AS [FID4056],Enabled,---,---,---,---,---,---
300534060382850,USCG 0382850,SO11709 - EXPIRY APRIL 2023,MetOcean I-SLDMB-FAT-AS [FID4056],Enabled,---,---,---,---,---,---
300534060382880,USCG 0382880,SO11709 - EXPIRY APRIL 2023,MetOcean I-SLDMB-FAT-AS [FID4056],Enabled,---,---,---,---,---,---
300534060383010,USCG 0383010,SO11709 - EXPIRY APRIL 2023,MetOcean I-SLDMB-FAT-AS [FID4056],Enabled,---,---,---,---,---,---
300534060383030,USCG 0383030,SO11709 - EXPIRY APRIL 2023,MetOcean I-SLDMB-FAT-AS [FID4056],Enabled,---,---,---,---,---,---
300534060383040,USCG 0383040,SO11709 - EXPIRY APRIL 2023,MetOcean I-SLDMB-FAT-AS [FID4056],Enabled,---,---,---,---,---,---
300534060383090,USCG 0383090,SO11709 - EXPIRY APRIL 2023,MetOcean I-SLDMB-FAT-AS [FID4056],Enabled,---,---,---,---,---,---
300534060383320,USCG 0383320,SO11709 - EXPIRY APRIL 2023,MetOcean I-SLDMB-FAT-AS [FID4056],Enabled,---,---,---,---,---,---
300534060383450,USCG 0383450,SO11709 - EXPIRY APRIL 2023,MetOcean I-SLDMB-FAT-AS [FID4056],Enabled,---,---,---,---,---,---
300534060383560,USCG 0383560,SO11709 - EXPIRY APRIL 2023,MetOcean I-SLDMB-FAT-AS [FID4056],Enabled,---,---,---,---,---,---
300534060383850,USCG 0383850,SO11709 - EXPIRY APRIL 2023,MetOcean I-SLDMB-FAT-AS [FID4056],Enabled,---,---,---,---,---,---
300534060383870,USCG 0383870,SO11709 - EXPIRY APRIL 2023,MetOcean I-SLDMB-FAT-AS [FID4056],Enabled,---,---,---,---,---,---
300534060383890,USCG 0383890,SO11709 - EXPIRY APRIL 2023,MetOcean I-SLDMB-FAT-AS [FID4056],Enabled,---,---,---,---,---,---
300534060384010,USCG 0384010,SO11709 - EXPIRY APRIL 2023,MetOcean I-SLDMB-FAT-AS [FID4056],Enabled,---,---,---,---,---,---
300534060384040,USCG 0384040,SO11709 - EXPIRY APRIL 2023,MetOcean I-SLDMB-FAT-AS [FID4056],Enabled,---,---,---,---,---,---
300534060384080,USCG 0384080,SO11709 - EXPIRY APRIL 2023,MetOcean I-SLDMB-FAT-AS [FID4056],Enabled,---,---,---,---,---,---
300534060384410,USCG 0384410,SO11709 - EXPIRY APRIL 2023,MetOcean I-SLDMB-FAT-AS [FID4056],Enabled,---,---,---,---,---,---
300534060384460,USCG 0384460,SO11709 - EXPIRY APRIL 2023,MetOcean I-SLDMB-FAT-AS [FID4056],Enabled,---,---,---,---,---,---
300534060384550,USCG 0384550,SO11709 - EXPIRY APRIL 2023,MetOcean I-SLDMB-FAT-AS [FID4056],Enabled,---,---,---,---,---,---
300534060384590,USCG 0384590,SO11709 - EXPIRY APRIL 2023,MetOcean I-SLDMB-FAT-AS [FID4056],Enabled,---,---,---,---,---,---
300534060384600,USCG 0384600,SO11709 - EXPIRY APRIL 2023,MetOcean I-SLDMB-FAT-AS [FID4056],Enabled,---,---,---,---,---,---
300534060384880,USCG 0384880,SO11709 - EXPIRY APRIL 2023,MetOcean I-SLDMB-FAT-AS [FID4056],Enabled,---,---,---,---,---,---
300534060385010,USCG 0385010,SO11709 - EXPIRY APRIL 2023,MetOcean I-SLDMB-FAT-AS [FID4056],Enabled,---,---,---,---,---,---
300534060385080,USCG 0385080,SO11709 - EXPIRY APRIL 2023,MetOcean I-SLDMB-FAT-AS [FID4056],Enabled,---,---,---,---,---,---
300534060385210,USCG 0385210,SO11709 - EXPIRY APRIL 2023,MetOcean I-SLDMB-FAT-AS [FID4056],Enabled,---,---,---,---,---,---
300534060385580,USCG 0385580,SO11709 - EXPIRY APRIL 2023,MetOcean I-SLDMB-FAT-AS [FID4056],Enabled,---,---,---,---,---,---
300534060385850,USCG 0385850,SO11709 - EXPIRY APRIL 2023,MetOcean I-SLDMB-FAT-AS [FID4056],Enabled,---,---,---,---,---,---
300534060385870,USCG 0385870,SO11709 - EXPIRY APRIL 2023,MetOcean I-SLDMB-FAT-AS [FID4056],Enabled,---,---,---,---,---,---
300534060385880,USCG 0385880,SO11709 - EXPIRY APRIL 2023,MetOcean I-SLDMB-FAT-AS [FID4056],Enabled,---,---,---,---,---,---
300534060386030,USCG 0386030,SO11709 - EXPIRY APRIL 2023,MetOcean I-SLDMB-FAT-AS [FID4056],Enabled,---,---,---,---,---,---
300534060386080,USCG 0386080,SO11709 - EXPIRY APRIL 2023,MetOcean I-SLDMB-FAT-AS [FID4056],Enabled,---,---,---,---,---,---
300534060386090,USCG 0386090,SO11709 - EXPIRY APRIL 2023,MetOcean I-SLDMB-FAT-AS [FID4056],Enabled,---,---,---,---,---,---
300534060386430,USCG 0386430,SO11709 - EXPIRY APRIL 2023,MetOcean I-SLDMB-FAT-AS [FID4056],Enabled,---,---,---,---,---,---
300534060386570,USCG 0386570,SO11709 - EXPIRY APRIL 2023,MetOcean I-SLDMB-FAT-AS [FID4056],Enabled,---,---,---,---,---,---
300534060386860,USCG 0386860,SO11709 - EXPIRY APRIL 2023,MetOcean I-SLDMB-FAT-AS [FID4056],Enabled,---,---,---,---,---,---
300534060386890,USCG 0386890,SO11709 - EXPIRY APRIL 2023,MetOcean I-SLDMB-FAT-AS [FID4056],Enabled,---,---,---,---,---,---
300534060387000,USCG 0387000,SO11709 - EXPIRY APRIL 2023,MetOcean I-SLDMB-FAT-AS [FID4056],Enabled,---,---,---,---,---,---
300534060387020,USCG 0387020,SO11709 - EXPIRY APRIL 2023,MetOcean I-SLDMB-FAT-AS [FID4056],Enabled,---,---,---,---,---,---
300534060387070,USCG 0387070,SO11709 - EXPIRY APRIL 2023,MetOcean I-SLDMB-FAT-AS [FID4056],Enabled,---,---,---,---,---,---
300534060387220,USCG 0387220,SO11709 - EXPIRY APRIL 2023,MetOcean I-SLDMB-FAT-AS [FID4056],Enabled,---,---,---,---,---,---
300534060387420,USCG 0387420,SO11709 - EXPIRY APRIL 2023,MetOcean I-SLDMB-FAT-AS [FID4056],Enabled,---,---,---,---,---,---
300534060387460,USCG 0387460,SO11709 - EXPIRY APRIL 2023,MetOcean I-SLDMB-FAT-AS [FID4056],Enabled,---,---,---,---,---,---
300534060387510,USCG 0387510,SO11709 - EXPIRY APRIL 2023,MetOcean I-SLDMB-FAT-AS [FID4056],Enabled,---,---,---,---,---,---
300534060387570,USCG 0387570,SO11709 - EXPIRY APRIL 2023,MetOcean I-SLDMB-FAT-AS [FID4056],Enabled,---,---,---,---,---,---
300534060387860,USCG 0387860,SO11709 - EXPIRY APRIL 2023,MetOcean I-SLDMB-FAT-AS [FID4056],Enabled,---,---,---,---,---,---
300534060387870,USCG 0387870,SO11709 - EXPIRY APRIL 2023,MetOcean I-SLDMB-FAT-AS [FID4056],Enabled,---,---,---,---,---,---
300534060387890,USCG 0387890,SO11709 - EXPIRY APRIL 2023,MetOcean I-SLDMB-FAT-AS [FID4056],Enabled,---,---,---,---,---,---
300534060388000,USCG 0388000,SO11709 - EXPIRY APRIL 2023,MetOcean I-SLDMB-FAT-AS [FID4056],Enabled,---,---,---,---,---,---
300534060388010,USCG 0388010,SO11709 - EXPIRY APRIL 2023,MetOcean I-SLDMB-FAT-AS [FID4056],Enabled,---,---,---,---,---,---
300534060388030,USCG 0388030,SO11709 - EXPIRY APRIL 2023,MetOcean I-SLDMB-FAT-AS [FID4056],Enabled,---,---,---,---,---,---
300534060388070,USCG 0388070,SO11709 - EXPIRY APRIL 2023,MetOcean I-SLDMB-FAT-AS [FID4056],Enabled,---,---,---,---,---,---
300534060388420,USCG 0388420,SO11709 - EXPIRY APRIL 2023,MetOcean I-SLDMB-FAT-AS [FID4056],Enabled,---,---,---,---,---,---
300534060388430,USCG 0388430,SO11709 - EXPIRY APRIL 2023,MetOcean I-SLDMB-FAT-AS [FID4056],Enabled,---,---,---,---,---,---
300534060388510,USCG 0388510,SO11709 - EXPIRY APRIL 2023,MetOcean I-SLDMB-FAT-AS [FID4056],Enabled,---,---,---,---,---,---
300534060388560,USCG 0388560,SO11709 - EXPIRY APRIL 2023,MetOcean I-SLDMB-FAT-AS [FID4056],Enabled,---,---,---,---,---,---
300534060388630,USCG 0388630,SO11709 - EXPIRY APRIL 2023,MetOcean I-SLDMB-FAT-AS [FID4056],Enabled,---,---,---,---,---,---
300534060388850,USCG 0388850,SO11709 - EXPIRY APRIL 2023,MetOcean I-SLDMB-FAT-AS [FID4056],Enabled,---,---,---,---,---,---
300534060388880,USCG 0388880,SO11709 - EXPIRY APRIL 2023,MetOcean I-SLDMB-FAT-AS [FID4056],Enabled,---,---,---,---,---,---
300534060389000,USCG 0389000,SO11709 - EXPIRY APRIL 2023,MetOcean I-SLDMB-FAT-AS [FID4056],Enabled,---,---,---,---,---,---
300534060389010,USCG 0389010,SO11709 - EXPIRY APRIL 2023,MetOcean I-SLDMB-FAT-AS [FID4056],Enabled,---,---,---,---,---,---
300534060389020,USCG 0389020,SO11709 - EXPIRY APRIL 2023,MetOcean I-SLDMB-FAT-AS [FID4056],Enabled,---,---,---,---,---,---
300534060389050,USCG 0389050,SO11709 - EXPIRY APRIL 2023,MetOcean I-SLDMB-FAT-AS [FID4056],Enabled,---,---,---,---,---,---
300534060389060,USCG 0389060,SO11709 - EXPIRY APRIL 2023,MetOcean I-SLDMB-FAT-AS [FID4056],Enabled,---,---,---,---,---,---
300534060389270,USCG 0389270,SO11709 - EXPIRY APRIL 2023,MetOcean I-SLDMB-FAT-AS [FID4056],Enabled,---,---,---,---,---,---
300534060389420,USCG 0389420,SO11709 - EXPIRY APRIL 2023,MetOcean I-SLDMB-FAT-AS [FID4056],Enabled,---,---,---,---,---,---
300534060389430,USCG 0389430,SO11709 - EXPIRY APRIL 2023,MetOcean I-SLDMB-FAT-AS [FID4056],Enabled,---,---,---,---,---,---
300534060389440,USCG 0389440,SO11709 - EXPIRY APRIL 2023,MetOcean I-SLDMB-FAT-AS [FID4056],Enabled,---,---,---,---,---,---
300534060389460,USCG 0389460,SO11709 - EXPIRY APRIL 2023,MetOcean I-SLDMB-FAT-AS [FID4056],Enabled,---,---,---,---,---,---
300534060389610,USCG 0389610,SO11709 - EXPIRY APRIL 2023,MetOcean I-SLDMB-FAT-AS [FID4056],Enabled,---,---,---,---,---,---
300534060389850,USCG 0389850,SO11709 - EXPIRY APRIL 2023,MetOcean I-SLDMB-FAT-AS [FID4056],Enabled,---,---,---,---,---,---
300234068660620,USCG 8660620,SO11845 - EXPIRY MARCH 2023,MetOcean I-SLDMB-FAT-AS [FID4056],Enabled,---,---,---,---,---,---
300234068660630,USCG 8660630,SO11845 - EXPIRY MARCH 2023,MetOcean I-SLDMB-FAT-AS [FID4056],Enabled,---,---,---,---,---,---
300234068661620,USCG 8661620,SO11845 - EXPIRY MARCH 2023,MetOcean I-SLDMB-FAT-AS [FID4056],Enabled,---,---,---,---,---,---
300234068668610,USCG 8668610,SO11845 - EXPIRY MARCH 2023,MetOcean I-SLDMB-FAT-AS [FID4056],Enabled,6/3/2020 13:40,6/3/2020 13:40,6/3/2020 13:40,30.459684,-86.443266,Position
300534060280720,USCG_2 0280720,SO11845 - EXPIRY MARCH 2023,MetOcean I-SLDMB-FAT-AS [FID4056],Enabled,---,---,---,---,---,---
300534060280740,USCG_2 0280740,SO11845 - EXPIRY MARCH 2023,MetOcean I-SLDMB-FAT-AS [FID4056],Enabled,---,---,---,---,---,---
300534060281740,USCG 0281740,SO11845 - EXPIRY MARCH 2023,MetOcean I-SLDMB-FAT-AS [FID4056],Enabled,---,---,---,---,---,---
300534060282740,USCG 0282740,SO11845 - EXPIRY MARCH 2023,MetOcean I-SLDMB-FAT-AS [FID4056],Enabled,---,---,---,---,---,---
300534060282750,USCG 0282750,SO11845 - EXPIRY MARCH 2023,MetOcean I-SLDMB-FAT-AS [FID4056],Enabled,---,---,---,---,---,---
300534060282760,USCG 0282760,SO11845 - EXPIRY MARCH 2023,MetOcean I-SLDMB-FAT-AS [FID4056],Enabled,---,---,---,---,---,---
300534060284720,USCG 0284720,SO11845 - EXPIRY MARCH 2023,MetOcean I-SLDMB-FAT-AS [FID4056],Enabled,---,---,---,---,---,---
300534060285710,USCG 0285710,SO11845 - EXPIRY MARCH 2023,MetOcean I-SLDMB-FAT-AS [FID4056],Enabled,---,---,---,---,---,---
300534060285720,USCG 0285720,SO11845 - EXPIRY MARCH 2023,MetOcean I-SLDMB-FAT-AS [FID4056],Enabled,---,---,---,---,---,---
300534060285740,USCG 0285740,SO11845 - EXPIRY MARCH 2023,MetOcean I-SLDMB-FAT-AS [FID4056],Enabled,---,---,---,---,---,---
300534060286760,USCG 0286760,SO11845 - EXPIRY MARCH 2023,MetOcean I-SLDMB-FAT-AS [FID4056],Enabled,---,---,---,---,---,---
300534060287730,USCG 0287730,SO11845 - EXPIRY MARCH 2023,MetOcean I-SLDMB-FAT-AS [FID4056],Enabled,---,---,---,---,---,---
300534060288710,USCG 0288710,SO11845 - EXPIRY MARCH 2023,MetOcean I-SLDMB-FAT-AS [FID4056],Enabled,---,---,---,---,---,---
300534060288730,USCG 0288730,SO11845 - EXPIRY MARCH 2023,MetOcean I-SLDMB-FAT-AS [FID4056],Enabled,---,---,---,---,---,---
300534060288740,USCG 0288740,SO11845 - EXPIRY MARCH 2023,MetOcean I-SLDMB-FAT-AS [FID4056],Enabled,---,---,---,---,---,---
300534060289720,USCG 0289720,SO11845 - EXPIRY MARCH 2023,MetOcean I-SLDMB-FAT-AS [FID4056],Enabled,---,---,---,---,---,---
